Address,Date
https://www.heartharena.com/arena-run/6xy1ec,2015-01-05
https://www.heartharena.com/arena-run/ii1q3e,2015-01-06
https://www.heartharena.com/arena-run/y5ktdw,2015-01-06
https://www.heartharena.com/arena-run/0tmhf6,2015-01-07
https://www.heartharena.com/arena-run/2dg437,2015-01-10
https://www.heartharena.com/arena-run/36ks0t,2015-01-16
https://www.heartharena.com/arena-run/pbo2l6,2015-02-26
https://www.heartharena.com/arena-run/18670t,2015-02-26
https://www.heartharena.com/arena-run/j56f29,2015-02-27
https://www.heartharena.com/arena-run/dv18vo,2015-02-27
https://www.heartharena.com/arena-run/z3a3a2,2015-02-27
https://www.heartharena.com/arena-run/ra9r13,2015-02-28
https://www.heartharena.com/arena-run/xoc3p4,2015-03-01
https://www.heartharena.com/arena-run/mq0mxo,2015-03-01
https://www.heartharena.com/arena-run/76yg64,2015-03-01
https://www.heartharena.com/arena-run/w20585,2015-03-01
https://www.heartharena.com/arena-run/1iswhz,2015-03-02
https://www.heartharena.com/arena-run/6n1yx6,2015-03-02
https://www.heartharena.com/arena-run/t0wk62,2015-03-02
https://www.heartharena.com/arena-run/jqb79e,2015-03-03
https://www.heartharena.com/arena-run/6cu79a,2015-03-03
https://www.heartharena.com/arena-run/1wy2nm,2015-03-06
https://www.heartharena.com/arena-run/q8q0wl,2015-03-24
https://www.heartharena.com/arena-run/dx4e99,2015-03-24
https://www.heartharena.com/arena-run/m1vcp7,2015-03-27
https://www.heartharena.com/arena-run/11b1aa,2015-04-27
https://www.heartharena.com/arena-run/t032by,2016-06-22
https://www.heartharena.com/arena-run/27bz9x,2016-06-23
https://www.heartharena.com/arena-run/mkqp1c,2016-06-23
https://www.heartharena.com/arena-run/1w2n02,2016-06-23
https://www.heartharena.com/arena-run/lr9f92,2016-06-24
https://www.heartharena.com/arena-run/6w2wmn,2016-06-24
https://www.heartharena.com/arena-run/4pu8m1,2016-06-25
https://www.heartharena.com/arena-run/92q722,2016-06-26
https://www.heartharena.com/arena-run/yqq192,2016-06-26
https://www.heartharena.com/arena-run/p732em,2016-06-26
https://www.heartharena.com/arena-run/oig087,2016-06-27
https://www.heartharena.com/arena-run/3bs1u9,2016-06-27
https://www.heartharena.com/arena-run/18f014,2016-06-27
https://www.heartharena.com/arena-run/6037yj,2016-06-28
https://www.heartharena.com/arena-run/frwy53,2016-06-28
https://www.heartharena.com/arena-run/s86456,2016-06-28
https://www.heartharena.com/arena-run/07nlm3,2016-06-29
https://www.heartharena.com/arena-run/ee6424,2016-06-29
https://www.heartharena.com/arena-run/lb9k3i,2016-06-30
https://www.heartharena.com/arena-run/gw89aj,2016-07-01
https://www.heartharena.com/arena-run/72etuh,2016-07-01
https://www.heartharena.com/arena-run/3ljp68,2016-07-02
https://www.heartharena.com/arena-run/0trf60,2016-07-02
https://www.heartharena.com/arena-run/abp2vy,2016-07-02
https://www.heartharena.com/arena-run/6f6i58,2016-07-02
https://www.heartharena.com/arena-run/ev36sd,2016-07-03
https://www.heartharena.com/arena-run/txx5hz,2016-07-03
https://www.heartharena.com/arena-run/5t1l80,2016-07-03
https://www.heartharena.com/arena-run/ui439k,2016-07-03
https://www.heartharena.com/arena-run/r555jn,2016-07-04
https://www.heartharena.com/arena-run/5i2osn,2016-07-04
https://www.heartharena.com/arena-run/hy685z,2016-07-04
https://www.heartharena.com/arena-run/x392gt,2016-07-05
https://www.heartharena.com/arena-run/m9j5hs,2016-07-05
https://www.heartharena.com/arena-run/bs74z5,2016-07-05
https://www.heartharena.com/arena-run/8god4c,2016-07-05
https://www.heartharena.com/arena-run/9v3m94,2016-07-06
https://www.heartharena.com/arena-run/7nv4vs,2016-07-06
https://www.heartharena.com/arena-run/b9458u,2016-07-06
https://www.heartharena.com/arena-run/d069fa,2016-07-07
https://www.heartharena.com/arena-run/971xq3,2016-07-07
https://www.heartharena.com/arena-run/u9t6p7,2016-07-07
https://www.heartharena.com/arena-run/ed77l1,2016-07-08
https://www.heartharena.com/arena-run/72886s,2016-07-08
https://www.heartharena.com/arena-run/p7hu30,2016-07-08
https://www.heartharena.com/arena-run/w38sn5,2016-07-09
https://www.heartharena.com/arena-run/07q5v7,2016-07-09
https://www.heartharena.com/arena-run/hz08xj,2016-07-09
https://www.heartharena.com/arena-run/8ubj66,2016-07-10
https://www.heartharena.com/arena-run/45q48y,2016-07-10
https://www.heartharena.com/arena-run/re3jh7,2016-07-10
https://www.heartharena.com/arena-run/4ri7np,2016-07-10
https://www.heartharena.com/arena-run/b6iglt,2016-07-11
https://www.heartharena.com/arena-run/cfkta9,2016-07-11
https://www.heartharena.com/arena-run/3z26q7,2016-07-11
https://www.heartharena.com/arena-run/139ogn,2016-07-11
https://www.heartharena.com/arena-run/0vc19r,2016-07-12
https://www.heartharena.com/arena-run/9z1i4m,2016-07-12
https://www.heartharena.com/arena-run/7m1axx,2016-07-13
https://www.heartharena.com/arena-run/bk03l3,2016-07-13
https://www.heartharena.com/arena-run/76o0tj,2016-07-13
https://www.heartharena.com/arena-run/f815s6,2016-07-13
https://www.heartharena.com/arena-run/53ud8h,2016-07-14
https://www.heartharena.com/arena-run/0slw12,2016-07-14
https://www.heartharena.com/arena-run/x698ej,2016-07-14
https://www.heartharena.com/arena-run/0ba1n7,2016-07-15
https://www.heartharena.com/arena-run/4b7xs8,2016-07-15
https://www.heartharena.com/arena-run/558l25,2016-07-15
https://www.heartharena.com/arena-run/t4j0bt,2016-07-16
https://www.heartharena.com/arena-run/j3jyx4,2016-07-16
https://www.heartharena.com/arena-run/0ysu9l,2016-07-16
https://www.heartharena.com/arena-run/0d609y,2016-07-17
https://www.heartharena.com/arena-run/zty2my,2016-07-17
https://www.heartharena.com/arena-run/kil90y,2016-07-17
https://www.heartharena.com/arena-run/gbasbn,2016-07-17
https://www.heartharena.com/arena-run/5a925w,2016-07-18
https://www.heartharena.com/arena-run/psk2e4,2016-07-18
https://www.heartharena.com/arena-run/w1t5sj,2016-07-19
https://www.heartharena.com/arena-run/7d691z,2016-07-19
https://www.heartharena.com/arena-run/6k5jh1,2016-07-19
https://www.heartharena.com/arena-run/7784gi,2016-07-19
https://www.heartharena.com/arena-run/y9k513,2016-07-19
https://www.heartharena.com/arena-run/rl1u44,2016-07-20
https://www.heartharena.com/arena-run/trzmea,2016-07-20
https://www.heartharena.com/arena-run/2713lw,2016-07-21
https://www.heartharena.com/arena-run/xk7cy6,2016-07-21
https://www.heartharena.com/arena-run/3sx31m,2016-07-21
https://www.heartharena.com/arena-run/c2h5oe,2016-07-21
https://www.heartharena.com/arena-run/07646j,2016-07-22
https://www.heartharena.com/arena-run/zndb6f,2016-07-22
https://www.heartharena.com/arena-run/q969x0,2016-07-22
https://www.heartharena.com/arena-run/j48v5x,2016-07-23
https://www.heartharena.com/arena-run/uqc17t,2016-07-23
https://www.heartharena.com/arena-run/0bdf24,2016-07-23
https://www.heartharena.com/arena-run/6624pd,2016-07-24
https://www.heartharena.com/arena-run/se3383,2016-07-24
https://www.heartharena.com/arena-run/ng4h53,2016-07-26
https://www.heartharena.com/arena-run/bgfcw9,2016-07-26
https://www.heartharena.com/arena-run/57m5u6,2016-07-27
https://www.heartharena.com/arena-run/3g4361,2016-07-27
https://www.heartharena.com/arena-run/k4yu69,2016-07-28
https://www.heartharena.com/arena-run/953nz3,2016-07-28
https://www.heartharena.com/arena-run/n24w06,2016-07-29
https://www.heartharena.com/arena-run/4ktam8,2016-07-29
https://www.heartharena.com/arena-run/g906k1,2016-07-30
https://www.heartharena.com/arena-run/843sfa,2016-07-30
https://www.heartharena.com/arena-run/f8klk2,2016-07-30
https://www.heartharena.com/arena-run/yz89g5,2016-07-30
https://www.heartharena.com/arena-run/9s1uqj,2016-08-01
https://www.heartharena.com/arena-run/2gkzdg,2016-08-02
https://www.heartharena.com/arena-run/6go4rs,2016-08-03
https://www.heartharena.com/arena-run/6mg37e,2016-08-05
https://www.heartharena.com/arena-run/7op783,2016-08-05
https://www.heartharena.com/arena-run/788got,2016-08-06
https://www.heartharena.com/arena-run/wn44j6,2016-08-06
https://www.heartharena.com/arena-run/91dr88,2016-08-07
https://www.heartharena.com/arena-run/88y83z,2016-08-07
https://www.heartharena.com/arena-run/br210c,2016-08-08
https://www.heartharena.com/arena-run/08tp3g,2016-08-08
https://www.heartharena.com/arena-run/19fp6a,2016-08-09
https://www.heartharena.com/arena-run/1648m9,2016-08-11
https://www.heartharena.com/arena-run/i3sm52,2016-08-11
https://www.heartharena.com/arena-run/m78590,2016-08-13
https://www.heartharena.com/arena-run/9w62tl,2016-08-13
https://www.heartharena.com/arena-run/q4862i,2016-08-13
https://www.heartharena.com/arena-run/okb5a9,2016-08-14
https://www.heartharena.com/arena-run/131q9a,2016-08-15
https://www.heartharena.com/arena-run/le8g0y,2016-08-15
https://www.heartharena.com/arena-run/2vn3dr,2016-08-15
https://www.heartharena.com/arena-run/5qy60t,2016-08-15
https://www.heartharena.com/arena-run/nxhn5m,2016-08-16
https://www.heartharena.com/arena-run/x6da5l,2016-08-16
https://www.heartharena.com/arena-run/872z9l,2016-08-16
https://www.heartharena.com/arena-run/f2e02q,2016-08-17
https://www.heartharena.com/arena-run/bg0895,2016-08-17
https://www.heartharena.com/arena-run/32zg47,2016-08-18
https://www.heartharena.com/arena-run/7m4on9,2016-08-18
https://www.heartharena.com/arena-run/t315r7,2016-08-20
https://www.heartharena.com/arena-run/c670d1,2016-08-22
https://www.heartharena.com/arena-run/9c2n97,2016-08-22
https://www.heartharena.com/arena-run/009ofn,2016-08-23
https://www.heartharena.com/arena-run/c7x908,2016-08-23
https://www.heartharena.com/arena-run/g5gcrm,2016-08-23
https://www.heartharena.com/arena-run/e1ym02,2016-08-23
https://www.heartharena.com/arena-run/eo9100,2016-08-24
https://www.heartharena.com/arena-run/5noa5r,2016-08-25
https://www.heartharena.com/arena-run/72ws0h,2016-08-28
https://www.heartharena.com/arena-run/4jdv4z,2016-08-28
https://www.heartharena.com/arena-run/mj724f,2016-08-28
https://www.heartharena.com/arena-run/d7ujyk,2016-08-29
https://www.heartharena.com/arena-run/3wd144,2016-08-29
https://www.heartharena.com/arena-run/e0s65x,2016-08-29
https://www.heartharena.com/arena-run/2301yx,2016-08-30
https://www.heartharena.com/arena-run/38s575,2016-08-30
https://www.heartharena.com/arena-run/078wv5,2016-08-30
https://www.heartharena.com/arena-run/co588q,2016-09-03
https://www.heartharena.com/arena-run/5lz56x,2016-09-03
https://www.heartharena.com/arena-run/48841p,2016-09-03
https://www.heartharena.com/arena-run/6kx8m6,2016-09-04
https://www.heartharena.com/arena-run/3k662s,2016-09-04
https://www.heartharena.com/arena-run/r6mq99,2016-09-11
https://www.heartharena.com/arena-run/f7l910,2016-09-12
https://www.heartharena.com/arena-run/6dwrn6,2016-09-12
https://www.heartharena.com/arena-run/9zwlc9,2016-09-18
https://www.heartharena.com/arena-run/d0z2qf,2016-09-20
https://www.heartharena.com/arena-run/iq60x8,2016-09-20
https://www.heartharena.com/arena-run/o7x0o5,2016-09-21
https://www.heartharena.com/arena-run/8vr5m2,2016-09-21
https://www.heartharena.com/arena-run/8w6262,2016-09-22
https://www.heartharena.com/arena-run/pvqvdi,2016-09-22
https://www.heartharena.com/arena-run/o173wi,2016-09-23
https://www.heartharena.com/arena-run/t46f88,2016-09-24
https://www.heartharena.com/arena-run/c48wen,2016-09-25
https://www.heartharena.com/arena-run/2k17gu,2016-09-25
https://www.heartharena.com/arena-run/g90d1p,2016-09-26
https://www.heartharena.com/arena-run/26jnok,2016-09-26
https://www.heartharena.com/arena-run/k2gt00,2016-10-05
https://www.heartharena.com/arena-run/e776e6,2016-10-06
https://www.heartharena.com/arena-run/0wapx6,2016-10-07
https://www.heartharena.com/arena-run/d28hr3,2016-10-07
https://www.heartharena.com/arena-run/fu3f42,2016-10-08
https://www.heartharena.com/arena-run/314joj,2016-10-08
https://www.heartharena.com/arena-run/1mt12q,2016-10-10
https://www.heartharena.com/arena-run/md6z34,2016-10-10
https://www.heartharena.com/arena-run/2padw4,2016-10-11
https://www.heartharena.com/arena-run/2o15uw,2016-10-11
https://www.heartharena.com/arena-run/3i7k3h,2016-10-11
https://www.heartharena.com/arena-run/tv6g17,2016-10-11
https://www.heartharena.com/arena-run/j49496,2016-10-14
https://www.heartharena.com/arena-run/61dcdv,2016-10-14
https://www.heartharena.com/arena-run/xry74j,2016-10-17
https://www.heartharena.com/arena-run/k4kl68,2016-10-19
https://www.heartharena.com/arena-run/194945,2016-10-19
https://www.heartharena.com/arena-run/m8r7tj,2016-10-20
https://www.heartharena.com/arena-run/z6465q,2016-10-22
https://www.heartharena.com/arena-run/80t49e,2016-10-22
https://www.heartharena.com/arena-run/19844f,2016-10-22
https://www.heartharena.com/arena-run/4h6x5n,2016-10-23
https://www.heartharena.com/arena-run/9k19d1,2016-10-24
https://www.heartharena.com/arena-run/qul8on,2016-10-24
https://www.heartharena.com/arena-run/422hqy,2016-10-26
https://www.heartharena.com/arena-run/tre48c,2016-10-26
https://www.heartharena.com/arena-run/3m9o18,2016-10-27
https://www.heartharena.com/arena-run/on9liz,2016-10-28
https://www.heartharena.com/arena-run/lu72f5,2016-10-28
https://www.heartharena.com/arena-run/52rqbe,2016-10-28
https://www.heartharena.com/arena-run/vza3np,2016-10-29
https://www.heartharena.com/arena-run/45to6n,2016-10-30
https://www.heartharena.com/arena-run/u96r1a,2016-10-30
https://www.heartharena.com/arena-run/wl58g9,2016-10-31
https://www.heartharena.com/arena-run/23e2w7,2016-11-01
https://www.heartharena.com/arena-run/87ipkt,2016-11-08
https://www.heartharena.com/arena-run/8q266p,2016-11-08
https://www.heartharena.com/arena-run/d759e4,2016-11-10
https://www.heartharena.com/arena-run/6c7hzw,2016-11-11
https://www.heartharena.com/arena-run/v1608w,2016-11-11
https://www.heartharena.com/arena-run/l3d7jw,2016-11-12
https://www.heartharena.com/arena-run/18b511,2016-11-15
https://www.heartharena.com/arena-run/a6d478,2016-11-16
https://www.heartharena.com/arena-run/f3bg08,2016-11-16
https://www.heartharena.com/arena-run/g09pme,2016-11-19
https://www.heartharena.com/arena-run/to5l6e,2016-11-19
https://www.heartharena.com/arena-run/27k9qm,2016-11-21
https://www.heartharena.com/arena-run/39yx41,2016-11-22
https://www.heartharena.com/arena-run/gn1217,2016-11-23
https://www.heartharena.com/arena-run/73bu89,2016-11-25
https://www.heartharena.com/arena-run/5n907i,2016-11-25
https://www.heartharena.com/arena-run/8e2c5n,2016-11-26
https://www.heartharena.com/arena-run/65nckc,2016-11-26
https://www.heartharena.com/arena-run/wwq13i,2016-11-28
https://www.heartharena.com/arena-run/2xb603,2016-11-28
https://www.heartharena.com/arena-run/2j287e,2016-11-29
https://www.heartharena.com/arena-run/lf834q,2016-11-30
https://www.heartharena.com/arena-run/w02567,2016-12-02
https://www.heartharena.com/arena-run/3641yz,2016-12-04
https://www.heartharena.com/arena-run/t93ug6,2016-12-05
https://www.heartharena.com/arena-run/s0rb06,2016-12-06
https://www.heartharena.com/arena-run/dw754y,2016-12-07
https://www.heartharena.com/arena-run/ej3ea5,2016-12-08
https://www.heartharena.com/arena-run/up3agn,2016-12-08
https://www.heartharena.com/arena-run/8xx05x,2016-12-09
https://www.heartharena.com/arena-run/195u38,2016-12-09
https://www.heartharena.com/arena-run/89v4l8,2016-12-09
https://www.heartharena.com/arena-run/ux6g82,2016-12-10
https://www.heartharena.com/arena-run/h139k4,2016-12-10
https://www.heartharena.com/arena-run/6lyc6e,2016-12-10
https://www.heartharena.com/arena-run/ypso0i,2016-12-11
https://www.heartharena.com/arena-run/z6761g,2016-12-12
https://www.heartharena.com/arena-run/63s717,2016-12-12
https://www.heartharena.com/arena-run/2h8079,2016-12-12
https://www.heartharena.com/arena-run/0wu6zm,2016-12-12
https://www.heartharena.com/arena-run/3vq0p0,2016-12-12
https://www.heartharena.com/arena-run/qrg25v,2016-12-14
https://www.heartharena.com/arena-run/c2400g,2016-12-14
https://www.heartharena.com/arena-run/hpnne5,2016-12-14
https://www.heartharena.com/arena-run/ut7465,2016-12-14
https://www.heartharena.com/arena-run/6kp1h4,2016-12-15
https://www.heartharena.com/arena-run/93frs6,2016-12-16
https://www.heartharena.com/arena-run/f2lh2j,2016-12-16
https://www.heartharena.com/arena-run/r8m3hx,2016-12-16
https://www.heartharena.com/arena-run/26isnz,2016-12-17
https://www.heartharena.com/arena-run/c0760h,2016-12-17
https://www.heartharena.com/arena-run/i6huf1,2016-12-17
https://www.heartharena.com/arena-run/dqm641,2016-12-17
https://www.heartharena.com/arena-run/kx2a09,2016-12-18
https://www.heartharena.com/arena-run/xxp396,2016-12-18
https://www.heartharena.com/arena-run/7y8uf8,2016-12-18
https://www.heartharena.com/arena-run/qu1d89,2016-12-19
https://www.heartharena.com/arena-run/92ajc4,2016-12-19
https://www.heartharena.com/arena-run/x5k930,2016-12-19
https://www.heartharena.com/arena-run/zcxb99,2016-12-19
https://www.heartharena.com/arena-run/9c9c2b,2016-12-19
https://www.heartharena.com/arena-run/043r5s,2016-12-20
https://www.heartharena.com/arena-run/0vl90o,2016-12-20
https://www.heartharena.com/arena-run/832630,2016-12-21
https://www.heartharena.com/arena-run/7t5p69,2016-12-21
https://www.heartharena.com/arena-run/npom37,2016-12-21
https://www.heartharena.com/arena-run/g5xl07,2016-12-21
https://www.heartharena.com/arena-run/k5zbdd,2016-12-21
https://www.heartharena.com/arena-run/tpv8u0,2016-12-23
https://www.heartharena.com/arena-run/zj403k,2016-12-25
https://www.heartharena.com/arena-run/65vsv7,2016-12-25
https://www.heartharena.com/arena-run/ycutb4,2016-12-27
https://www.heartharena.com/arena-run/ijb9ig,2016-12-27
https://www.heartharena.com/arena-run/7cuoz3,2016-12-28
https://www.heartharena.com/arena-run/9r1lm4,2016-12-28
https://www.heartharena.com/arena-run/ha9j30,2016-12-29
https://www.heartharena.com/arena-run/y3r4i6,2016-12-30
https://www.heartharena.com/arena-run/epejlt,2016-12-31
https://www.heartharena.com/arena-run/v52e15,2017-01-02
https://www.heartharena.com/arena-run/7vd335,2017-01-02
https://www.heartharena.com/arena-run/75zh4s,2017-01-10
https://www.heartharena.com/arena-run/d01l0f,2017-01-10
https://www.heartharena.com/arena-run/icaqk5,2017-01-10
https://www.heartharena.com/arena-run/z98u57,2017-01-11
https://www.heartharena.com/arena-run/ujz3k2,2017-01-13
https://www.heartharena.com/arena-run/peg506,2017-01-14
https://www.heartharena.com/arena-run/vs3p5w,2017-01-14
https://www.heartharena.com/arena-run/5g4999,2017-01-14
https://www.heartharena.com/arena-run/556rie,2017-01-15
https://www.heartharena.com/arena-run/i1v8ai,2017-01-17
https://www.heartharena.com/arena-run/0gc38r,2017-01-18
https://www.heartharena.com/arena-run/24k007,2017-01-18
https://www.heartharena.com/arena-run/435ylr,2017-01-20
https://www.heartharena.com/arena-run/h466ux,2017-01-20
https://www.heartharena.com/arena-run/042bi4,2017-01-21
https://www.heartharena.com/arena-run/9tza21,2017-01-21
https://www.heartharena.com/arena-run/69g9lk,2017-01-22
https://www.heartharena.com/arena-run/i56ot8,2017-01-23
https://www.heartharena.com/arena-run/8a17a8,2017-01-23
https://www.heartharena.com/arena-run/pjqjv5,2017-01-24
https://www.heartharena.com/arena-run/y9itrp,2017-01-24
https://www.heartharena.com/arena-run/7n10q8,2017-01-25
https://www.heartharena.com/arena-run/p82o16,2017-01-25
https://www.heartharena.com/arena-run/s8yah9,2017-01-25
https://www.heartharena.com/arena-run/g82560,2017-01-26
https://www.heartharena.com/arena-run/tzpi79,2017-01-27
https://www.heartharena.com/arena-run/awk92t,2017-01-27
https://www.heartharena.com/arena-run/r8cu40,2017-01-27
https://www.heartharena.com/arena-run/ca4b84,2017-01-28
https://www.heartharena.com/arena-run/17z83q,2017-01-29
https://www.heartharena.com/arena-run/gaekva,2017-01-30
https://www.heartharena.com/arena-run/4a5u5t,2017-01-30
https://www.heartharena.com/arena-run/2f77w1,2017-01-30
https://www.heartharena.com/arena-run/n7lh36,2017-01-31
https://www.heartharena.com/arena-run/47813p,2017-02-02
https://www.heartharena.com/arena-run/5v14nm,2017-02-03
https://www.heartharena.com/arena-run/yr2g4f,2017-02-03
https://www.heartharena.com/arena-run/19fou5,2017-02-03
https://www.heartharena.com/arena-run/gny2au,2017-02-04
https://www.heartharena.com/arena-run/vo8069,2017-02-05
https://www.heartharena.com/arena-run/9goicd,2017-02-05
https://www.heartharena.com/arena-run/c7ajjx,2017-02-06
https://www.heartharena.com/arena-run/s17152,2017-02-06
https://www.heartharena.com/arena-run/5f0287,2017-02-06
https://www.heartharena.com/arena-run/0cd932,2017-02-07
https://www.heartharena.com/arena-run/9jjd1j,2017-02-07
https://www.heartharena.com/arena-run/z2o7u2,2017-02-07
https://www.heartharena.com/arena-run/5q8uko,2017-02-07
https://www.heartharena.com/arena-run/16r5wg,2017-02-09
https://www.heartharena.com/arena-run/3jgtet,2017-02-10
https://www.heartharena.com/arena-run/17r9g0,2017-02-10
https://www.heartharena.com/arena-run/q56727,2017-02-11
https://www.heartharena.com/arena-run/5d06z9,2017-02-12
https://www.heartharena.com/arena-run/0g50cl,2017-02-13
https://www.heartharena.com/arena-run/tb51m9,2017-02-13
https://www.heartharena.com/arena-run/aw9vvo,2017-02-13
https://www.heartharena.com/arena-run/3s564n,2017-02-14
https://www.heartharena.com/arena-run/mvf9iw,2017-02-14
https://www.heartharena.com/arena-run/131170,2017-02-14
https://www.heartharena.com/arena-run/bzx8cs,2017-02-15
https://www.heartharena.com/arena-run/8h4ry3,2017-02-16
https://www.heartharena.com/arena-run/083x30,2017-02-17
https://www.heartharena.com/arena-run/zf7s6l,2017-02-18
https://www.heartharena.com/arena-run/3d6bj7,2017-02-18
https://www.heartharena.com/arena-run/nd8v49,2017-02-18
https://www.heartharena.com/arena-run/u792o9,2017-02-19
https://www.heartharena.com/arena-run/8o16o5,2017-02-21
https://www.heartharena.com/arena-run/u94d5q,2017-02-21
https://www.heartharena.com/arena-run/peg47z,2017-02-21
https://www.heartharena.com/arena-run/58i082,2017-02-24
https://www.heartharena.com/arena-run/x82z1h,2017-02-25
https://www.heartharena.com/arena-run/cc96wp,2017-02-25
https://www.heartharena.com/arena-run/92f5rh,2017-02-26
https://www.heartharena.com/arena-run/9f1zy4,2017-02-27
https://www.heartharena.com/arena-run/116s6n,2017-02-27
https://www.heartharena.com/arena-run/d70833,2017-02-27
https://www.heartharena.com/arena-run/8kg1t4,2017-03-01
https://www.heartharena.com/arena-run/50b182,2017-03-01
https://www.heartharena.com/arena-run/8yz691,2017-03-01
https://www.heartharena.com/arena-run/7s8n48,2017-03-02
https://www.heartharena.com/arena-run/y00v6m,2017-03-03
https://www.heartharena.com/arena-run/8saw9w,2017-03-04
https://www.heartharena.com/arena-run/iv5xwn,2017-03-04
https://www.heartharena.com/arena-run/o20sp2,2017-03-04
https://www.heartharena.com/arena-run/g7gin1,2017-03-05
https://www.heartharena.com/arena-run/8n7h9v,2017-03-06
https://www.heartharena.com/arena-run/9qk98q,2017-03-06
https://www.heartharena.com/arena-run/85a42l,2017-03-07
https://www.heartharena.com/arena-run/udy010,2017-03-07
https://www.heartharena.com/arena-run/3kl169,2017-03-08
https://www.heartharena.com/arena-run/14gtu9,2017-03-08
https://www.heartharena.com/arena-run/2r3jfq,2017-03-08
https://www.heartharena.com/arena-run/ix64mr,2017-03-08
https://www.heartharena.com/arena-run/evo6a6,2017-03-11
https://www.heartharena.com/arena-run/og2dy2,2017-03-12
https://www.heartharena.com/arena-run/8s6u2z,2017-03-12
https://www.heartharena.com/arena-run/p55b8i,2017-03-12
https://www.heartharena.com/arena-run/iqfr50,2017-03-13
https://www.heartharena.com/arena-run/b89w42,2017-03-14
https://www.heartharena.com/arena-run/tgl574,2017-03-14
https://www.heartharena.com/arena-run/y21kp8,2017-03-14
https://www.heartharena.com/arena-run/scl31v,2017-03-15
https://www.heartharena.com/arena-run/659k8y,2017-03-15
https://www.heartharena.com/arena-run/n555n3,2017-03-17
https://www.heartharena.com/arena-run/tlko3h,2017-03-17
https://www.heartharena.com/arena-run/0449io,2017-03-18
https://www.heartharena.com/arena-run/g448uu,2017-03-19
https://www.heartharena.com/arena-run/5388go,2017-03-19
https://www.heartharena.com/arena-run/q92rxc,2017-03-20
https://www.heartharena.com/arena-run/41k3i2,2017-03-21
https://www.heartharena.com/arena-run/na8705,2017-03-22
https://www.heartharena.com/arena-run/10282k,2017-03-22
https://www.heartharena.com/arena-run/0935lu,2017-03-29
https://www.heartharena.com/arena-run/xa4w9j,2017-03-29
https://www.heartharena.com/arena-run/456wk8,2017-03-31
https://www.heartharena.com/arena-run/lvj6sx,2017-04-01
https://www.heartharena.com/arena-run/0t6q24,2017-04-05
https://www.heartharena.com/arena-run/cbl11t,2017-04-06
https://www.heartharena.com/arena-run/q83lp4,2017-04-06
https://www.heartharena.com/arena-run/ox3bd9,2017-04-06
https://www.heartharena.com/arena-run/yj8pfp,2017-04-09
https://www.heartharena.com/arena-run/v03239,2017-04-10
https://www.heartharena.com/arena-run/8v06et,2017-04-11
https://www.heartharena.com/arena-run/hky9jk,2017-04-11
https://www.heartharena.com/arena-run/3h9v7k,2017-04-11
https://www.heartharena.com/arena-run/8wj2ox,2017-04-12
https://www.heartharena.com/arena-run/2r6p4t,2017-04-12
https://www.heartharena.com/arena-run/afxhgs,2017-04-13
https://www.heartharena.com/arena-run/8phbx2,2017-04-13
https://www.heartharena.com/arena-run/1y1016,2017-04-14
https://www.heartharena.com/arena-run/618b25,2017-04-15
https://www.heartharena.com/arena-run/f73849,2017-04-15
https://www.heartharena.com/arena-run/6qm88r,2017-04-15
https://www.heartharena.com/arena-run/r41d62,2017-04-16
https://www.heartharena.com/arena-run/tmesvf,2017-04-16
https://www.heartharena.com/arena-run/359d02,2017-04-16
https://www.heartharena.com/arena-run/zpzj6w,2017-04-17
https://www.heartharena.com/arena-run/9xfs0n,2017-04-17
https://www.heartharena.com/arena-run/7jr2l8,2017-04-18
https://www.heartharena.com/arena-run/d5e2o1,2017-04-18
https://www.heartharena.com/arena-run/yx01n1,2017-04-19
https://www.heartharena.com/arena-run/ds4fvm,2017-04-19
https://www.heartharena.com/arena-run/gutcd2,2017-04-19
https://www.heartharena.com/arena-run/eq3s90,2017-04-20
https://www.heartharena.com/arena-run/5o3c22,2017-04-20
https://www.heartharena.com/arena-run/19u40n,2017-04-21
https://www.heartharena.com/arena-run/fla39k,2017-04-22
https://www.heartharena.com/arena-run/tvy716,2017-04-22
https://www.heartharena.com/arena-run/k0925v,2017-04-23
https://www.heartharena.com/arena-run/korv7u,2017-04-23
https://www.heartharena.com/arena-run/ug4644,2017-04-24
https://www.heartharena.com/arena-run/223267,2017-04-25
https://www.heartharena.com/arena-run/x15o9r,2017-04-25
https://www.heartharena.com/arena-run/m0cczl,2017-04-25
https://www.heartharena.com/arena-run/x0ja3s,2017-04-26
https://www.heartharena.com/arena-run/m9br02,2017-04-27
https://www.heartharena.com/arena-run/p4mw31,2017-04-28
https://www.heartharena.com/arena-run/7g1r54,2017-04-29
https://www.heartharena.com/arena-run/rmqqe4,2017-04-30
https://www.heartharena.com/arena-run/23i9bx,2017-05-01
https://www.heartharena.com/arena-run/4d15q4,2017-05-01
https://www.heartharena.com/arena-run/71ug4y,2017-05-02
https://www.heartharena.com/arena-run/zmf11d,2017-05-03
https://www.heartharena.com/arena-run/h111oy,2017-05-05
https://www.heartharena.com/arena-run/qpc355,2017-05-06
https://www.heartharena.com/arena-run/6lxed2,2017-05-06
https://www.heartharena.com/arena-run/t5s8w3,2017-05-07
https://www.heartharena.com/arena-run/9sf525,2017-05-08
https://www.heartharena.com/arena-run/pw4b5m,2017-05-09
https://www.heartharena.com/arena-run/4043la,2017-05-09
https://www.heartharena.com/arena-run/cfam7s,2017-05-10
https://www.heartharena.com/arena-run/g41tcf,2017-05-10
https://www.heartharena.com/arena-run/j15474,2017-05-12
https://www.heartharena.com/arena-run/hy69z1,2017-05-12
https://www.heartharena.com/arena-run/6nqee4,2017-05-13
https://www.heartharena.com/arena-run/0xcluf,2017-05-13
https://www.heartharena.com/arena-run/7a9k99,2017-05-14
https://www.heartharena.com/arena-run/g76a24,2017-05-14
https://www.heartharena.com/arena-run/5i640m,2017-05-15
https://www.heartharena.com/arena-run/r7gs5h,2017-05-16
https://www.heartharena.com/arena-run/v4w5fu,2017-05-16
https://www.heartharena.com/arena-run/s921n3,2017-05-17
https://www.heartharena.com/arena-run/lmn2j8,2017-05-17
https://www.heartharena.com/arena-run/9yk6o5,2017-05-18
https://www.heartharena.com/arena-run/0m2h5b,2017-05-21
https://www.heartharena.com/arena-run/oq21xu,2017-05-21
https://www.heartharena.com/arena-run/033w3n,2017-05-21
https://www.heartharena.com/arena-run/kw74b7,2017-05-22
https://www.heartharena.com/arena-run/l86oox,2017-05-22
https://www.heartharena.com/arena-run/7050qv,2017-05-22
https://www.heartharena.com/arena-run/70324s,2017-05-23
https://www.heartharena.com/arena-run/ppmvk3,2017-05-23
https://www.heartharena.com/arena-run/5dc77i,2017-05-25
https://www.heartharena.com/arena-run/tbt6d8,2017-05-26
https://www.heartharena.com/arena-run/a53jik,2017-05-26
https://www.heartharena.com/arena-run/1y84dd,2017-05-27
https://www.heartharena.com/arena-run/ythw5g,2017-05-27
https://www.heartharena.com/arena-run/ox55ti,2017-05-27
https://www.heartharena.com/arena-run/667emv,2017-05-28
https://www.heartharena.com/arena-run/j7p1j1,2017-05-28
https://www.heartharena.com/arena-run/78xlt4,2017-05-31
https://www.heartharena.com/arena-run/u9f502,2017-05-31
https://www.heartharena.com/arena-run/3d7l4c,2017-06-01
https://www.heartharena.com/arena-run/v9gz2u,2017-06-04
https://www.heartharena.com/arena-run/072kk6,2017-06-05
https://www.heartharena.com/arena-run/9b2ive,2017-06-05
https://www.heartharena.com/arena-run/87q51o,2017-06-07
https://www.heartharena.com/arena-run/191d55,2017-06-07
https://www.heartharena.com/arena-run/a4k013,2017-06-09
https://www.heartharena.com/arena-run/8f6di1,2017-06-11
https://www.heartharena.com/arena-run/n8f0wj,2017-06-11
https://www.heartharena.com/arena-run/n5m15b,2017-06-13
https://www.heartharena.com/arena-run/hc807a,2017-06-14
https://www.heartharena.com/arena-run/4n509q,2017-06-15
https://www.heartharena.com/arena-run/5rffi0,2017-06-16
https://www.heartharena.com/arena-run/36wvf1,2017-06-16
https://www.heartharena.com/arena-run/jf63we,2017-06-17
https://www.heartharena.com/arena-run/z2q22p,2017-06-17
https://www.heartharena.com/arena-run/51yyhu,2017-06-18
https://www.heartharena.com/arena-run/49326t,2017-06-19
https://www.heartharena.com/arena-run/86nfv1,2017-06-19
https://www.heartharena.com/arena-run/5u95kl,2017-06-20
https://www.heartharena.com/arena-run/55e5kv,2017-06-20
https://www.heartharena.com/arena-run/e20d68,2017-06-21
https://www.heartharena.com/arena-run/gkq6f1,2017-06-22
https://www.heartharena.com/arena-run/u1wd96,2017-06-24
https://www.heartharena.com/arena-run/3lf5d0,2017-06-24
https://www.heartharena.com/arena-run/tu7y29,2017-06-25
https://www.heartharena.com/arena-run/mcpcqw,2017-06-26
https://www.heartharena.com/arena-run/39l8l3,2017-06-27
https://www.heartharena.com/arena-run/f5a4ul,2017-06-27
https://www.heartharena.com/arena-run/e97r7d,2017-06-28
https://www.heartharena.com/arena-run/ab1z1j,2017-06-28
https://www.heartharena.com/arena-run/k2f0l7,2017-06-30
https://www.heartharena.com/arena-run/5o0czz,2017-06-30
https://www.heartharena.com/arena-run/6gbl88,2017-07-01
https://www.heartharena.com/arena-run/90338g,2017-07-01
https://www.heartharena.com/arena-run/sifr3j,2017-07-02
https://www.heartharena.com/arena-run/22v7hh,2017-07-02
https://www.heartharena.com/arena-run/84nz61,2017-07-04
https://www.heartharena.com/arena-run/1kpczv,2017-07-04
https://www.heartharena.com/arena-run/cj0jl4,2017-07-05
https://www.heartharena.com/arena-run/t574ex,2017-07-05
https://www.heartharena.com/arena-run/oh5c9p,2017-07-06
https://www.heartharena.com/arena-run/m4bjyw,2017-07-07
https://www.heartharena.com/arena-run/yv0a1t,2017-07-07
https://www.heartharena.com/arena-run/vi10n7,2017-07-09
https://www.heartharena.com/arena-run/6nx17p,2017-07-09
https://www.heartharena.com/arena-run/dfd2nw,2017-07-10
https://www.heartharena.com/arena-run/xa9z30,2017-07-11
https://www.heartharena.com/arena-run/e0bxej,2017-07-11
https://www.heartharena.com/arena-run/6zf286,2017-07-12
https://www.heartharena.com/arena-run/m2pi83,2017-07-12
https://www.heartharena.com/arena-run/jv2m0b,2017-07-12
https://www.heartharena.com/arena-run/dscu5j,2017-07-13
https://www.heartharena.com/arena-run/nt72ug,2017-07-14
https://www.heartharena.com/arena-run/7ckqp1,2017-07-14
https://www.heartharena.com/arena-run/z5xrp0,2017-07-15
https://www.heartharena.com/arena-run/n0ioq6,2017-07-16
https://www.heartharena.com/arena-run/9wje61,2017-07-16
https://www.heartharena.com/arena-run/kttnu1,2017-07-16
https://www.heartharena.com/arena-run/48km88,2017-07-17
https://www.heartharena.com/arena-run/0fnnv4,2017-07-18
https://www.heartharena.com/arena-run/s33ul2,2017-07-18
https://www.heartharena.com/arena-run/2q77di,2017-07-18
https://www.heartharena.com/arena-run/y32y4d,2017-07-19
https://www.heartharena.com/arena-run/w3le07,2017-07-19
https://www.heartharena.com/arena-run/9u18nz,2017-07-19
https://www.heartharena.com/arena-run/7mwz24,2017-07-20
https://www.heartharena.com/arena-run/1568ad,2017-07-20
https://www.heartharena.com/arena-run/2t8i71,2017-07-21
https://www.heartharena.com/arena-run/4k25g4,2017-07-21
https://www.heartharena.com/arena-run/o1ftmk,2017-07-22
https://www.heartharena.com/arena-run/19e634,2017-07-22
https://www.heartharena.com/arena-run/dfxzcb,2017-07-23
https://www.heartharena.com/arena-run/jrv932,2017-07-23
https://www.heartharena.com/arena-run/l394x5,2017-07-24
https://www.heartharena.com/arena-run/tn2phm,2017-07-24
https://www.heartharena.com/arena-run/s1ej03,2017-07-25
https://www.heartharena.com/arena-run/hyc86f,2017-07-25
https://www.heartharena.com/arena-run/0z5a47,2017-07-26
https://www.heartharena.com/arena-run/5jxwf2,2017-07-26
https://www.heartharena.com/arena-run/l8d0zg,2017-07-26
https://www.heartharena.com/arena-run/w73d61,2017-07-27
https://www.heartharena.com/arena-run/5wrn9b,2017-07-27
https://www.heartharena.com/arena-run/1x3zmp,2017-07-28
https://www.heartharena.com/arena-run/9g065i,2017-07-28
https://www.heartharena.com/arena-run/2y1rnt,2017-07-30
https://www.heartharena.com/arena-run/0s8u0x,2017-07-31
https://www.heartharena.com/arena-run/yez53f,2017-07-31
https://www.heartharena.com/arena-run/08rgi7,2017-08-01
https://www.heartharena.com/arena-run/a7p6cl,2017-08-02
https://www.heartharena.com/arena-run/go1s23,2017-08-03
https://www.heartharena.com/arena-run/q5bixd,2017-08-03
https://www.heartharena.com/arena-run/0gnw5h,2017-08-04
https://www.heartharena.com/arena-run/47y44o,2017-08-05
https://www.heartharena.com/arena-run/4uuoxa,2017-08-05
https://www.heartharena.com/arena-run/91532v,2017-08-07
https://www.heartharena.com/arena-run/856aoh,2017-08-10
https://www.heartharena.com/arena-run/yk8q6t,2017-08-18
https://www.heartharena.com/arena-run/5y72sx,2017-08-18
https://www.heartharena.com/arena-run/j000is,2017-08-19
https://www.heartharena.com/arena-run/02333m,2017-08-19
https://www.heartharena.com/arena-run/903yu7,2017-08-19
https://www.heartharena.com/arena-run/0ycz5o,2017-08-19
https://www.heartharena.com/arena-run/94ytp7,2017-08-20
https://www.heartharena.com/arena-run/m6vvp4,2017-08-20
https://www.heartharena.com/arena-run/0hy792,2017-08-20
https://www.heartharena.com/arena-run/14d3p5,2017-08-20
https://www.heartharena.com/arena-run/b78eb5,2017-08-21
https://www.heartharena.com/arena-run/ff3sp9,2017-08-21
https://www.heartharena.com/arena-run/c1znwk,2017-08-21
https://www.heartharena.com/arena-run/ww903k,2017-08-21
https://www.heartharena.com/arena-run/sz84qy,2017-08-21
https://www.heartharena.com/arena-run/vj5sey,2017-08-22
https://www.heartharena.com/arena-run/vofr0e,2017-08-23
https://www.heartharena.com/arena-run/565nm5,2017-08-23
https://www.heartharena.com/arena-run/0i9bs5,2017-08-23
https://www.heartharena.com/arena-run/fgpkd5,2017-08-24
https://www.heartharena.com/arena-run/rt3162,2017-08-26
https://www.heartharena.com/arena-run/3g80b0,2017-08-26
https://www.heartharena.com/arena-run/z00ee3,2017-08-26
https://www.heartharena.com/arena-run/1r2vm8,2017-08-26
https://www.heartharena.com/arena-run/15jvc3,2017-08-27
https://www.heartharena.com/arena-run/6il40p,2017-08-28
https://www.heartharena.com/arena-run/2m4d80,2017-08-28
https://www.heartharena.com/arena-run/ed637l,2017-08-29
https://www.heartharena.com/arena-run/36x7pk,2017-08-29
https://www.heartharena.com/arena-run/06jhcr,2017-08-29
https://www.heartharena.com/arena-run/cg415t,2017-08-30
https://www.heartharena.com/arena-run/znl8tt,2017-08-30
https://www.heartharena.com/arena-run/5pbh21,2017-08-30
https://www.heartharena.com/arena-run/j61p6u,2017-08-31
https://www.heartharena.com/arena-run/4wy1c0,2017-08-31
https://www.heartharena.com/arena-run/3x8izu,2017-09-01
https://www.heartharena.com/arena-run/tsps3w,2017-09-02
https://www.heartharena.com/arena-run/9g08x8,2017-09-02
https://www.heartharena.com/arena-run/3dz24y,2017-09-02
https://www.heartharena.com/arena-run/67h69q,2017-09-03
https://www.heartharena.com/arena-run/pduv9n,2017-09-04
https://www.heartharena.com/arena-run/f04l2r,2017-09-05
https://www.heartharena.com/arena-run/8b0w32,2017-09-05
https://www.heartharena.com/arena-run/g22v0g,2017-09-06
https://www.heartharena.com/arena-run/c7553y,2017-09-06
https://www.heartharena.com/arena-run/90v82z,2017-09-06
https://www.heartharena.com/arena-run/e3v006,2017-09-08
https://www.heartharena.com/arena-run/0ep841,2017-09-08
https://www.heartharena.com/arena-run/7ocz4v,2017-09-09
https://www.heartharena.com/arena-run/yk3ewu,2017-09-09
https://www.heartharena.com/arena-run/c71nk0,2017-09-10
https://www.heartharena.com/arena-run/bclr1y,2017-09-10
https://www.heartharena.com/arena-run/u3190b,2017-09-14
https://www.heartharena.com/arena-run/p52jf4,2017-09-15
https://www.heartharena.com/arena-run/rhe60u,2017-09-17
https://www.heartharena.com/arena-run/9e8oo2,2017-09-17
https://www.heartharena.com/arena-run/235z51,2017-09-18
https://www.heartharena.com/arena-run/o9g35z,2017-09-19
https://www.heartharena.com/arena-run/224e40,2017-09-20
https://www.heartharena.com/arena-run/mndngr,2017-09-22
https://www.heartharena.com/arena-run/o36495,2017-09-23
https://www.heartharena.com/arena-run/1dq753,2017-09-24
https://www.heartharena.com/arena-run/j02btu,2017-09-24
https://www.heartharena.com/arena-run/pe8841,2017-09-25
https://www.heartharena.com/arena-run/3g0ogo,2017-09-26
https://www.heartharena.com/arena-run/8f44q1,2017-09-29
https://www.heartharena.com/arena-run/xv5s88,2017-09-30
https://www.heartharena.com/arena-run/f8zt0n,2017-09-30
https://www.heartharena.com/arena-run/z822e2,2017-10-02
https://www.heartharena.com/arena-run/34860c,2017-10-02
https://www.heartharena.com/arena-run/nb7r06,2017-10-04
https://www.heartharena.com/arena-run/b9hnhk,2017-10-07
https://www.heartharena.com/arena-run/78jow8,2017-10-07
https://www.heartharena.com/arena-run/8q4ya1,2017-10-08
https://www.heartharena.com/arena-run/1eo388,2017-10-16
https://www.heartharena.com/arena-run/cadd4m,2017-10-17
https://www.heartharena.com/arena-run/40gu8r,2017-10-21
https://www.heartharena.com/arena-run/n3ei5t,2017-10-21
https://www.heartharena.com/arena-run/0e29e7,2017-10-22
https://www.heartharena.com/arena-run/7m9z8m,2017-10-22
https://www.heartharena.com/arena-run/x804uc,2017-10-22
https://www.heartharena.com/arena-run/n4t1vg,2017-10-23
https://www.heartharena.com/arena-run/1ww929,2017-10-24
https://www.heartharena.com/arena-run/7h59ib,2017-10-24
https://www.heartharena.com/arena-run/ir6g73,2017-10-24
https://www.heartharena.com/arena-run/6ww5p4,2017-10-24
https://www.heartharena.com/arena-run/drfbfg,2017-10-24
https://www.heartharena.com/arena-run/s65w92,2017-10-25
https://www.heartharena.com/arena-run/ev164t,2017-10-25
https://www.heartharena.com/arena-run/pz3l12,2017-10-26
https://www.heartharena.com/arena-run/9bti8f,2017-10-26
https://www.heartharena.com/arena-run/2g2j74,2017-10-26
https://www.heartharena.com/arena-run/0u0v37,2017-10-27
https://www.heartharena.com/arena-run/2sd837,2017-10-27
https://www.heartharena.com/arena-run/qhf4w3,2017-10-27
https://www.heartharena.com/arena-run/909h80,2017-10-28
https://www.heartharena.com/arena-run/uyz7ud,2017-10-28
https://www.heartharena.com/arena-run/zal7dw,2017-10-29
https://www.heartharena.com/arena-run/vg82w3,2017-10-31
https://www.heartharena.com/arena-run/0iq080,2017-10-31
https://www.heartharena.com/arena-run/h1ks15,2017-10-31
https://www.heartharena.com/arena-run/nt09u1,2017-11-06
https://www.heartharena.com/arena-run/b3imf1,2017-11-07
https://www.heartharena.com/arena-run/i3t9l2,2017-11-08
https://www.heartharena.com/arena-run/uwh9yt,2017-11-08
https://www.heartharena.com/arena-run/dod02z,2017-11-09
https://www.heartharena.com/arena-run/jl0hy4,2017-11-09
https://www.heartharena.com/arena-run/6svm60,2017-11-10
https://www.heartharena.com/arena-run/a2rk80,2017-11-10
https://www.heartharena.com/arena-run/f6mf5h,2017-11-11
https://www.heartharena.com/arena-run/up2c4r,2017-11-12
https://www.heartharena.com/arena-run/svrc7d,2017-11-12
https://www.heartharena.com/arena-run/bxhj15,2017-11-12
https://www.heartharena.com/arena-run/i7c504,2017-11-13
https://www.heartharena.com/arena-run/zd4smj,2017-11-14
https://www.heartharena.com/arena-run/xf3bjq,2017-11-15
https://www.heartharena.com/arena-run/8hi4r7,2017-11-15
https://www.heartharena.com/arena-run/1fgzzr,2017-11-16
https://www.heartharena.com/arena-run/lfz085,2017-11-17
https://www.heartharena.com/arena-run/p92h73,2017-11-18
https://www.heartharena.com/arena-run/eox54n,2017-11-18
https://www.heartharena.com/arena-run/p9k2pl,2017-11-18
https://www.heartharena.com/arena-run/f375o9,2017-11-19
https://www.heartharena.com/arena-run/mf2j7t,2017-11-20
https://www.heartharena.com/arena-run/qxs414,2017-11-20
https://www.heartharena.com/arena-run/jx7y90,2017-11-21
https://www.heartharena.com/arena-run/s94zdo,2017-11-21
https://www.heartharena.com/arena-run/40z00z,2017-11-22
https://www.heartharena.com/arena-run/5t6tzh,2017-11-22
https://www.heartharena.com/arena-run/t5d5v0,2017-11-23
https://www.heartharena.com/arena-run/s950ay,2017-11-23
https://www.heartharena.com/arena-run/ve2998,2017-11-24
https://www.heartharena.com/arena-run/e5fd0c,2017-11-24
https://www.heartharena.com/arena-run/5ld514,2017-11-25
https://www.heartharena.com/arena-run/zcxetb,2017-11-25
https://www.heartharena.com/arena-run/uho66o,2017-11-26
https://www.heartharena.com/arena-run/va094n,2017-11-26
https://www.heartharena.com/arena-run/91j38g,2017-11-27
https://www.heartharena.com/arena-run/ex211y,2017-11-28
https://www.heartharena.com/arena-run/5iuf65,2017-11-28
https://www.heartharena.com/arena-run/26lumd,2017-11-29
https://www.heartharena.com/arena-run/ofk8d1,2017-11-29
https://www.heartharena.com/arena-run/3z1eht,2017-11-29
https://www.heartharena.com/arena-run/7jhv76,2017-12-01
https://www.heartharena.com/arena-run/4023jj,2017-12-02
https://www.heartharena.com/arena-run/x21n4u,2017-12-03
https://www.heartharena.com/arena-run/50uhdb,2017-12-03
https://www.heartharena.com/arena-run/3e2537,2017-12-05
https://www.heartharena.com/arena-run/mip16a,2017-12-06
https://www.heartharena.com/arena-run/00kpnf,2017-12-06
https://www.heartharena.com/arena-run/cs9t7p,2017-12-06
https://www.heartharena.com/arena-run/3mj078,2017-12-07
https://www.heartharena.com/arena-run/2h8fi9,2017-12-17
https://www.heartharena.com/arena-run/4f327x,2017-12-17
https://www.heartharena.com/arena-run/11ok73,2017-12-17
https://www.heartharena.com/arena-run/d26431,2017-12-18
https://www.heartharena.com/arena-run/4yfx2p,2017-12-18
https://www.heartharena.com/arena-run/ctabp5,2017-12-18
https://www.heartharena.com/arena-run/d3o0t5,2017-12-19
https://www.heartharena.com/arena-run/fnijj5,2017-12-19
https://www.heartharena.com/arena-run/osr346,2017-12-19
https://www.heartharena.com/arena-run/x2fzqb,2017-12-20
https://www.heartharena.com/arena-run/23ux0c,2017-12-20
https://www.heartharena.com/arena-run/m58gg2,2017-12-21
https://www.heartharena.com/arena-run/j80iwd,2017-12-21
https://www.heartharena.com/arena-run/503f0l,2017-12-22
https://www.heartharena.com/arena-run/gbw93f,2017-12-22
https://www.heartharena.com/arena-run/1xd8f0,2017-12-23
https://www.heartharena.com/arena-run/9nelw1,2017-12-23
https://www.heartharena.com/arena-run/8pq5e5,2017-12-24
https://www.heartharena.com/arena-run/9yf075,2017-12-24
https://www.heartharena.com/arena-run/4fsa55,2017-12-25
https://www.heartharena.com/arena-run/z2c87s,2017-12-27
https://www.heartharena.com/arena-run/s1j39y,2017-12-27
https://www.heartharena.com/arena-run/7r1raf,2017-12-28
https://www.heartharena.com/arena-run/47832q,2017-12-29
https://www.heartharena.com/arena-run/hi4b16,2017-12-29
https://www.heartharena.com/arena-run/z2vy9f,2017-12-30
https://www.heartharena.com/arena-run/crpwj6,2017-12-30
https://www.heartharena.com/arena-run/874adr,2017-12-31
https://www.heartharena.com/arena-run/325cqw,2018-01-01
https://www.heartharena.com/arena-run/xpd537,2018-01-02
https://www.heartharena.com/arena-run/hv1412,2018-01-03
https://www.heartharena.com/arena-run/ru1udz,2018-01-03
https://www.heartharena.com/arena-run/a08idm,2018-01-03
https://www.heartharena.com/arena-run/h38ma5,2018-01-04
https://www.heartharena.com/arena-run/0pb9c6,2018-01-05
https://www.heartharena.com/arena-run/cng21h,2018-01-05
https://www.heartharena.com/arena-run/oxndi3,2018-01-06
https://www.heartharena.com/arena-run/2p158g,2018-01-06
https://www.heartharena.com/arena-run/hcw8b6,2018-01-07
https://www.heartharena.com/arena-run/0i4619,2018-01-07
https://www.heartharena.com/arena-run/5uw491,2018-01-08
https://www.heartharena.com/arena-run/fj9h22,2018-01-08
https://www.heartharena.com/arena-run/mbuv47,2018-01-09
https://www.heartharena.com/arena-run/q79wv0,2018-01-09
https://www.heartharena.com/arena-run/ri0ke4,2018-01-10
https://www.heartharena.com/arena-run/m83v70,2018-01-11
https://www.heartharena.com/arena-run/c01li8,2018-01-11
https://www.heartharena.com/arena-run/n695or,2018-01-12
https://www.heartharena.com/arena-run/230hb1,2018-01-13
https://www.heartharena.com/arena-run/4m23fd,2018-01-13
https://www.heartharena.com/arena-run/91ua0j,2018-01-14
https://www.heartharena.com/arena-run/2or021,2018-01-14
https://www.heartharena.com/arena-run/44814u,2018-01-15
https://www.heartharena.com/arena-run/glu9f4,2018-01-16
https://www.heartharena.com/arena-run/4j7k6f,2018-01-16
https://www.heartharena.com/arena-run/wu1cg1,2018-01-19
https://www.heartharena.com/arena-run/560y45,2018-01-19
https://www.heartharena.com/arena-run/l293pg,2018-01-19
https://www.heartharena.com/arena-run/b61wo9,2018-01-20
https://www.heartharena.com/arena-run/2rt9hp,2018-01-21
https://www.heartharena.com/arena-run/i50tv7,2018-01-21
https://www.heartharena.com/arena-run/0h9r64,2018-01-28
https://www.heartharena.com/arena-run/20utxa,2018-01-28
https://www.heartharena.com/arena-run/50sfa7,2018-01-28
https://www.heartharena.com/arena-run/8w580b,2018-01-29
https://www.heartharena.com/arena-run/8if2pt,2018-01-29
https://www.heartharena.com/arena-run/xb25lc,2018-01-30
https://www.heartharena.com/arena-run/0vbb67,2018-02-01
https://www.heartharena.com/arena-run/169c56,2018-02-02
https://www.heartharena.com/arena-run/xjn635,2018-02-02
https://www.heartharena.com/arena-run/fnul7n,2018-02-02
https://www.heartharena.com/arena-run/650j0n,2018-02-02
https://www.heartharena.com/arena-run/755hrw,2018-02-03
https://www.heartharena.com/arena-run/t18v4q,2018-02-03
https://www.heartharena.com/arena-run/616895,2018-02-03
https://www.heartharena.com/arena-run/3ro396,2018-02-03
https://www.heartharena.com/arena-run/vv9s8v,2018-02-04
https://www.heartharena.com/arena-run/m2rks1,2018-02-04
https://www.heartharena.com/arena-run/z422e6,2018-02-04
https://www.heartharena.com/arena-run/t3c650,2018-02-05
https://www.heartharena.com/arena-run/witzto,2018-02-05
https://www.heartharena.com/arena-run/h0bbn0,2018-02-05
https://www.heartharena.com/arena-run/803889,2018-02-06
https://www.heartharena.com/arena-run/l36x9e,2018-02-06
https://www.heartharena.com/arena-run/l9102h,2018-02-06
https://www.heartharena.com/arena-run/9x56x6,2018-02-06
https://www.heartharena.com/arena-run/88n2jk,2018-02-06
https://www.heartharena.com/arena-run/1zid35,2018-02-19
https://www.heartharena.com/arena-run/5xi697,2018-02-19
https://www.heartharena.com/arena-run/lm8o3l,2018-02-19
https://www.heartharena.com/arena-run/agheyt,2018-02-19
https://www.heartharena.com/arena-run/s402u1,2018-02-20
https://www.heartharena.com/arena-run/1793gr,2018-02-20
https://www.heartharena.com/arena-run/n713lz,2018-02-20
https://www.heartharena.com/arena-run/ba72t5,2018-02-20
https://www.heartharena.com/arena-run/cg533k,2018-02-21
https://www.heartharena.com/arena-run/5cf60v,2018-02-21
https://www.heartharena.com/arena-run/lwnm0e,2018-02-21
https://www.heartharena.com/arena-run/445h3j,2018-02-22
https://www.heartharena.com/arena-run/h4s2q5,2018-02-23
https://www.heartharena.com/arena-run/xl11xg,2018-02-23
https://www.heartharena.com/arena-run/ukz828,2018-02-23
https://www.heartharena.com/arena-run/4n0d6y,2018-02-24
https://www.heartharena.com/arena-run/2897lk,2018-02-25
https://www.heartharena.com/arena-run/0io109,2018-02-26
https://www.heartharena.com/arena-run/u7fc6b,2018-02-26
https://www.heartharena.com/arena-run/10umuu,2018-02-27
https://www.heartharena.com/arena-run/u8v6j5,2018-02-28
https://www.heartharena.com/arena-run/lm915l,2018-02-28
https://www.heartharena.com/arena-run/zk522n,2018-03-06
https://www.heartharena.com/arena-run/5me895,2018-03-07
https://www.heartharena.com/arena-run/sr842s,2018-03-07
https://www.heartharena.com/arena-run/4nm85h,2018-03-07
https://www.heartharena.com/arena-run/257hu3,2018-03-07
https://www.heartharena.com/arena-run/447581,2018-03-07
https://www.heartharena.com/arena-run/ce8837,2018-03-08
https://www.heartharena.com/arena-run/964d0n,2018-03-09
https://www.heartharena.com/arena-run/k84913,2018-03-09
https://www.heartharena.com/arena-run/v8468m,2018-03-09
https://www.heartharena.com/arena-run/6gt5uk,2018-03-10
https://www.heartharena.com/arena-run/rtq9i1,2018-03-10
https://www.heartharena.com/arena-run/fhp173,2018-03-10
https://www.heartharena.com/arena-run/b5twg5,2018-03-11
https://www.heartharena.com/arena-run/97v48b,2018-03-11
https://www.heartharena.com/arena-run/2b81x9,2018-03-13
https://www.heartharena.com/arena-run/4r2wxi,2018-03-13
https://www.heartharena.com/arena-run/55g650,2018-03-14
https://www.heartharena.com/arena-run/91653a,2018-03-14
https://www.heartharena.com/arena-run/9gid57,2018-03-14
https://www.heartharena.com/arena-run/95bzg7,2018-03-14
https://www.heartharena.com/arena-run/5b6qd7,2018-03-15
https://www.heartharena.com/arena-run/95ttg5,2018-03-16
https://www.heartharena.com/arena-run/5g3ceu,2018-03-16
https://www.heartharena.com/arena-run/34c44s,2018-03-16
https://www.heartharena.com/arena-run/h93m6h,2018-03-17
https://www.heartharena.com/arena-run/p1f2y8,2018-03-17
https://www.heartharena.com/arena-run/t3gy2x,2018-03-17
https://www.heartharena.com/arena-run/hh2j51,2018-03-22
https://www.heartharena.com/arena-run/zg12h7,2018-03-22
https://www.heartharena.com/arena-run/577u3o,2018-03-24
https://www.heartharena.com/arena-run/6e31r8,2018-03-25
https://www.heartharena.com/arena-run/32n4rd,2018-03-26
https://www.heartharena.com/arena-run/259362,2018-03-27
https://www.heartharena.com/arena-run/957clv,2018-03-28
https://www.heartharena.com/arena-run/156ip6,2018-03-29
https://www.heartharena.com/arena-run/0jklyj,2018-03-30
https://www.heartharena.com/arena-run/v86sa7,2018-03-30
https://www.heartharena.com/arena-run/l2se7o,2018-03-30
https://www.heartharena.com/arena-run/ft20m6,2018-03-31
https://www.heartharena.com/arena-run/351448,2018-03-31
https://www.heartharena.com/arena-run/388u40,2018-03-31
https://www.heartharena.com/arena-run/ff086c,2018-04-01
https://www.heartharena.com/arena-run/d4h645,2018-04-01
https://www.heartharena.com/arena-run/9rm6s6,2018-04-02
https://www.heartharena.com/arena-run/oioc0b,2018-04-03
https://www.heartharena.com/arena-run/9pdzb0,2018-04-03
https://www.heartharena.com/arena-run/32o2j4,2018-04-04
https://www.heartharena.com/arena-run/hy7404,2018-04-06
https://www.heartharena.com/arena-run/1r4chl,2018-04-06
https://www.heartharena.com/arena-run/ww7s77,2018-04-06
https://www.heartharena.com/arena-run/hfxoif,2018-04-07
https://www.heartharena.com/arena-run/53zrd2,2018-04-07
https://www.heartharena.com/arena-run/z5kr9x,2018-04-07
https://www.heartharena.com/arena-run/10kw2a,2018-04-08
https://www.heartharena.com/arena-run/4a28ir,2018-04-08
https://www.heartharena.com/arena-run/iymrcy,2018-04-08
https://www.heartharena.com/arena-run/723q27,2018-04-09
https://www.heartharena.com/arena-run/158ngu,2018-04-10
https://www.heartharena.com/arena-run/3f6p7d,2018-04-10
https://www.heartharena.com/arena-run/xrnwe7,2018-04-10
https://www.heartharena.com/arena-run/6vjgex,2018-04-11
https://www.heartharena.com/arena-run/b923kn,2018-04-11
https://www.heartharena.com/arena-run/p4tg41,2018-04-11
https://www.heartharena.com/arena-run/r92vwa,2018-04-11
https://www.heartharena.com/arena-run/36bp6b,2018-04-23
https://www.heartharena.com/arena-run/96622j,2018-04-24
https://www.heartharena.com/arena-run/97do18,2018-04-24
https://www.heartharena.com/arena-run/1jjxrx,2018-04-24
https://www.heartharena.com/arena-run/o4m4v2,2018-04-24
https://www.heartharena.com/arena-run/8284p3,2018-04-24
https://www.heartharena.com/arena-run/6llgk0,2018-04-25
https://www.heartharena.com/arena-run/nvs5sk,2018-04-25
https://www.heartharena.com/arena-run/pgwh58,2018-04-25
https://www.heartharena.com/arena-run/6ig8ge,2018-04-26
https://www.heartharena.com/arena-run/b90a60,2018-05-02
https://www.heartharena.com/arena-run/j175b9,2018-05-03
https://www.heartharena.com/arena-run/0fe8z4,2018-05-04
https://www.heartharena.com/arena-run/w34q51,2018-05-04
https://www.heartharena.com/arena-run/9n8l8w,2018-05-05
https://www.heartharena.com/arena-run/l41b77,2018-05-05
https://www.heartharena.com/arena-run/514vez,2018-05-06
https://www.heartharena.com/arena-run/5ik84z,2018-05-06
https://www.heartharena.com/arena-run/l3jy17,2018-05-06
https://www.heartharena.com/arena-run/z666vm,2018-05-07
https://www.heartharena.com/arena-run/142zz5,2018-05-07
https://www.heartharena.com/arena-run/27iq5n,2018-05-10
https://www.heartharena.com/arena-run/t88u9h,2018-05-11
https://www.heartharena.com/arena-run/j4sf60,2018-05-11
https://www.heartharena.com/arena-run/425pkx,2018-05-11
https://www.heartharena.com/arena-run/tc4qih,2018-05-12
https://www.heartharena.com/arena-run/9ip2k9,2018-05-12
https://www.heartharena.com/arena-run/8t7ra5,2018-05-13
https://www.heartharena.com/arena-run/26se5k,2018-05-13
https://www.heartharena.com/arena-run/y1k2b4,2018-05-14
https://www.heartharena.com/arena-run/uzj08k,2018-05-14
https://www.heartharena.com/arena-run/271cdl,2018-05-14
https://www.heartharena.com/arena-run/mfyz49,2018-05-14
https://www.heartharena.com/arena-run/1ssi4u,2018-05-15
https://www.heartharena.com/arena-run/w47vnh,2018-05-16
https://www.heartharena.com/arena-run/9c678n,2018-05-16
https://www.heartharena.com/arena-run/343n2k,2018-05-17
https://www.heartharena.com/arena-run/ajzjjz,2018-05-17
https://www.heartharena.com/arena-run/o10bjj,2018-05-18
https://www.heartharena.com/arena-run/r8god7,2018-05-18
https://www.heartharena.com/arena-run/zdnr6a,2018-05-19
https://www.heartharena.com/arena-run/5ck3t4,2018-05-19
https://www.heartharena.com/arena-run/7vf2s9,2018-05-20
https://www.heartharena.com/arena-run/3rc57f,2018-05-20
https://www.heartharena.com/arena-run/tjlat4,2018-05-20
https://www.heartharena.com/arena-run/1y8a84,2018-05-21
https://www.heartharena.com/arena-run/560pw2,2018-05-21
https://www.heartharena.com/arena-run/q3g98j,2018-05-22
https://www.heartharena.com/arena-run/jrsvpd,2018-05-22
https://www.heartharena.com/arena-run/88k8c7,2018-05-29
https://www.heartharena.com/arena-run/iy3up3,2018-05-29
https://www.heartharena.com/arena-run/4y1nt1,2018-05-29
https://www.heartharena.com/arena-run/ta394p,2018-05-30
https://www.heartharena.com/arena-run/26h540,2018-05-30
https://www.heartharena.com/arena-run/hpuj97,2018-05-31
https://www.heartharena.com/arena-run/57a9gu,2018-06-02
https://www.heartharena.com/arena-run/zty220,2018-06-02
https://www.heartharena.com/arena-run/5p8wld,2018-06-02
https://www.heartharena.com/arena-run/98d541,2018-06-02
https://www.heartharena.com/arena-run/p0hvj9,2018-06-03
https://www.heartharena.com/arena-run/rpfcu8,2018-06-03
https://www.heartharena.com/arena-run/kwn691,2018-06-04
https://www.heartharena.com/arena-run/nr9298,2018-06-04
https://www.heartharena.com/arena-run/8800r3,2018-06-04
https://www.heartharena.com/arena-run/70xpp6,2018-06-05
https://www.heartharena.com/arena-run/m9047u,2018-06-05
https://www.heartharena.com/arena-run/v16939,2018-06-05
https://www.heartharena.com/arena-run/aug3fr,2018-06-05
https://www.heartharena.com/arena-run/x21slo,2018-06-06
https://www.heartharena.com/arena-run/ibtp3v,2018-06-07
https://www.heartharena.com/arena-run/q2u0c2,2018-06-07
https://www.heartharena.com/arena-run/9uit6i,2018-06-08
https://www.heartharena.com/arena-run/le41gb,2018-06-08
https://www.heartharena.com/arena-run/jw2544,2018-06-10
https://www.heartharena.com/arena-run/z92rn0,2018-06-10
https://www.heartharena.com/arena-run/3l5prt,2018-06-10
https://www.heartharena.com/arena-run/w0hi75,2018-06-11
https://www.heartharena.com/arena-run/35nv45,2018-06-11
https://www.heartharena.com/arena-run/i6mv0m,2018-06-11
https://www.heartharena.com/arena-run/5137ti,2018-06-12
https://www.heartharena.com/arena-run/uh86gk,2018-06-12
https://www.heartharena.com/arena-run/ky4h7j,2018-06-13
https://www.heartharena.com/arena-run/9001u9,2018-06-13
https://www.heartharena.com/arena-run/885778,2018-06-13
https://www.heartharena.com/arena-run/hts9wx,2018-06-13
https://www.heartharena.com/arena-run/u52bh3,2018-06-13
https://www.heartharena.com/arena-run/204s32,2018-06-14
https://www.heartharena.com/arena-run/9h0m74,2018-06-14
https://www.heartharena.com/arena-run/1hh8a1,2018-06-15
https://www.heartharena.com/arena-run/h81e7u,2018-06-15
https://www.heartharena.com/arena-run/x2172m,2018-06-15
https://www.heartharena.com/arena-run/k4p8q4,2018-06-15
https://www.heartharena.com/arena-run/8wdfh6,2018-06-16
https://www.heartharena.com/arena-run/gn7m2y,2018-06-16
https://www.heartharena.com/arena-run/n21258,2018-06-16
https://www.heartharena.com/arena-run/k0vjk5,2018-06-17
https://www.heartharena.com/arena-run/5zu559,2018-06-17
https://www.heartharena.com/arena-run/bxmr30,2018-06-17
https://www.heartharena.com/arena-run/a701a8,2018-06-18
https://www.heartharena.com/arena-run/8fz61r,2018-06-18
https://www.heartharena.com/arena-run/2st03x,2018-06-19
https://www.heartharena.com/arena-run/j382yr,2018-06-19
https://www.heartharena.com/arena-run/94ee18,2018-06-19
https://www.heartharena.com/arena-run/138xb7,2018-06-20
https://www.heartharena.com/arena-run/01n1sz,2018-06-21
https://www.heartharena.com/arena-run/d4s1rb,2018-06-21
https://www.heartharena.com/arena-run/698vur,2018-06-21
https://www.heartharena.com/arena-run/167lk3,2018-06-21
https://www.heartharena.com/arena-run/46m550,2018-06-22
https://www.heartharena.com/arena-run/9h2k59,2018-06-22
https://www.heartharena.com/arena-run/pjv3zi,2018-06-23
https://www.heartharena.com/arena-run/sh6r34,2018-06-23
https://www.heartharena.com/arena-run/3yl8nt,2018-06-23
https://www.heartharena.com/arena-run/414nt8,2018-06-24
https://www.heartharena.com/arena-run/cpj2nb,2018-06-24
https://www.heartharena.com/arena-run/3z68e6,2018-06-24
https://www.heartharena.com/arena-run/o30pvx,2018-06-24
https://www.heartharena.com/arena-run/05w5ag,2018-06-25
https://www.heartharena.com/arena-run/x2z461,2018-06-25
https://www.heartharena.com/arena-run/1p7d55,2018-06-27
https://www.heartharena.com/arena-run/03f3zc,2018-06-27
https://www.heartharena.com/arena-run/i35i5h,2018-06-27
https://www.heartharena.com/arena-run/96qs5i,2018-06-27
https://www.heartharena.com/arena-run/pdzfe6,2018-06-28
https://www.heartharena.com/arena-run/9na233,2018-06-28
https://www.heartharena.com/arena-run/0b5l32,2018-06-28
https://www.heartharena.com/arena-run/s5q5e9,2018-06-29
https://www.heartharena.com/arena-run/m4e5ji,2018-06-29
https://www.heartharena.com/arena-run/8b0n6l,2018-06-30
https://www.heartharena.com/arena-run/v2qc55,2018-06-30
https://www.heartharena.com/arena-run/72x7jn,2018-07-01
https://www.heartharena.com/arena-run/qq65e9,2018-07-01
https://www.heartharena.com/arena-run/12cu5x,2018-07-01
https://www.heartharena.com/arena-run/60s0k9,2018-07-04
https://www.heartharena.com/arena-run/2l7w5r,2018-07-04
https://www.heartharena.com/arena-run/3pg4ur,2018-07-05
https://www.heartharena.com/arena-run/hsbm1i,2018-07-05
https://www.heartharena.com/arena-run/1oxypx,2018-07-06
https://www.heartharena.com/arena-run/ml0p9b,2018-07-06
https://www.heartharena.com/arena-run/56vb9w,2018-07-06
https://www.heartharena.com/arena-run/ehauh8,2018-07-07
https://www.heartharena.com/arena-run/16omst,2018-07-07
https://www.heartharena.com/arena-run/4d7bq8,2018-07-07
https://www.heartharena.com/arena-run/fww601,2018-07-08
https://www.heartharena.com/arena-run/94pe1z,2018-07-08
https://www.heartharena.com/arena-run/w50zcu,2018-07-08
https://www.heartharena.com/arena-run/vx5xge,2018-07-09
https://www.heartharena.com/arena-run/9wixe2,2018-07-09
https://www.heartharena.com/arena-run/300tr3,2018-07-09
https://www.heartharena.com/arena-run/1ai1ne,2018-07-09
https://www.heartharena.com/arena-run/818eya,2018-07-10
https://www.heartharena.com/arena-run/6uo8rk,2018-07-11
https://www.heartharena.com/arena-run/i1akv3,2018-07-11
https://www.heartharena.com/arena-run/5bu4ms,2018-07-12
https://www.heartharena.com/arena-run/y42oj2,2018-07-12
https://www.heartharena.com/arena-run/539akx,2018-07-13
https://www.heartharena.com/arena-run/4bal98,2018-07-13
https://www.heartharena.com/arena-run/c6yqu4,2018-07-13
https://www.heartharena.com/arena-run/v7h6w3,2018-07-14
https://www.heartharena.com/arena-run/0r6ic4,2018-07-14
https://www.heartharena.com/arena-run/8ascmo,2018-07-14
https://www.heartharena.com/arena-run/et5bt9,2018-07-15
https://www.heartharena.com/arena-run/zyagfk,2018-07-15
https://www.heartharena.com/arena-run/s1xe73,2018-07-16
https://www.heartharena.com/arena-run/81v42r,2018-07-16
https://www.heartharena.com/arena-run/xyav0f,2018-07-16
https://www.heartharena.com/arena-run/w8k8bs,2018-07-16
https://www.heartharena.com/arena-run/a3qzv8,2018-07-17
https://www.heartharena.com/arena-run/3d234e,2018-07-17
https://www.heartharena.com/arena-run/w4w7b3,2018-07-18
https://www.heartharena.com/arena-run/azcy5t,2018-07-18
https://www.heartharena.com/arena-run/t2gs63,2018-07-19
https://www.heartharena.com/arena-run/y5120y,2018-07-20
https://www.heartharena.com/arena-run/js81y8,2018-07-20
https://www.heartharena.com/arena-run/y6312x,2018-07-20
https://www.heartharena.com/arena-run/6i136k,2018-07-21
https://www.heartharena.com/arena-run/6b5179,2018-07-22
https://www.heartharena.com/arena-run/f57whu,2018-07-22
https://www.heartharena.com/arena-run/14wrim,2018-07-23
https://www.heartharena.com/arena-run/kum9y9,2018-07-23
https://www.heartharena.com/arena-run/mgp00y,2018-07-24
https://www.heartharena.com/arena-run/u66r2p,2018-07-24
https://www.heartharena.com/arena-run/1je931,2018-07-25
https://www.heartharena.com/arena-run/2v5o1u,2018-07-26
https://www.heartharena.com/arena-run/n0665i,2018-07-26
https://www.heartharena.com/arena-run/75556p,2018-07-27
https://www.heartharena.com/arena-run/o8otd8,2018-07-27
https://www.heartharena.com/arena-run/05vj09,2018-07-27
https://www.heartharena.com/arena-run/a9u6s6,2018-07-28
https://www.heartharena.com/arena-run/cg10k2,2018-07-28
https://www.heartharena.com/arena-run/eo0fhv,2018-07-29
https://www.heartharena.com/arena-run/f14gr9,2018-07-29
https://www.heartharena.com/arena-run/ths73v,2018-07-30
https://www.heartharena.com/arena-run/8sdc38,2018-07-31
https://www.heartharena.com/arena-run/37yy1o,2018-08-01
https://www.heartharena.com/arena-run/q0s9ul,2018-08-01
https://www.heartharena.com/arena-run/8y2259,2018-08-02
https://www.heartharena.com/arena-run/j367y4,2018-08-03
https://www.heartharena.com/arena-run/xwfics,2018-08-03
https://www.heartharena.com/arena-run/vskft9,2018-08-03
https://www.heartharena.com/arena-run/6t850k,2018-08-04
https://www.heartharena.com/arena-run/86po0w,2018-08-04
https://www.heartharena.com/arena-run/3fq35s,2018-08-04
https://www.heartharena.com/arena-run/5nbkoo,2018-08-07
https://www.heartharena.com/arena-run/5da4yp,2018-08-07
https://www.heartharena.com/arena-run/w7d6yh,2018-08-15
https://www.heartharena.com/arena-run/t407s5,2018-08-15
https://www.heartharena.com/arena-run/fsvy24,2018-08-15
https://www.heartharena.com/arena-run/wpw9fj,2018-08-16
https://www.heartharena.com/arena-run/k24l57,2018-08-18
https://www.heartharena.com/arena-run/b3ay5t,2018-08-19
https://www.heartharena.com/arena-run/a2935x,2018-08-20
https://www.heartharena.com/arena-run/bfp628,2018-08-20
https://www.heartharena.com/arena-run/n3d892,2018-08-20
https://www.heartharena.com/arena-run/25nn27,2018-08-21
https://www.heartharena.com/arena-run/3317ph,2018-08-23
https://www.heartharena.com/arena-run/l28f49,2018-08-24
https://www.heartharena.com/arena-run/9a8clv,2018-08-25
https://www.heartharena.com/arena-run/i1lmlw,2018-08-25
https://www.heartharena.com/arena-run/419y70,2018-08-27
https://www.heartharena.com/arena-run/cbsz02,2018-08-30
https://www.heartharena.com/arena-run/92tuh0,2018-08-31
https://www.heartharena.com/arena-run/2qy059,2018-09-01
https://www.heartharena.com/arena-run/f3222j,2018-09-01
https://www.heartharena.com/arena-run/a7530s,2018-09-02
https://www.heartharena.com/arena-run/f7642u,2018-09-02
https://www.heartharena.com/arena-run/4uayyo,2018-09-02
https://www.heartharena.com/arena-run/p548m0,2018-09-05
https://www.heartharena.com/arena-run/d54l15,2018-09-05
https://www.heartharena.com/arena-run/2nu1ht,2018-09-06
https://www.heartharena.com/arena-run/5mu40a,2018-09-07
https://www.heartharena.com/arena-run/x9v6jy,2018-09-07
https://www.heartharena.com/arena-run/3z0rpk,2018-09-07
https://www.heartharena.com/arena-run/23w79f,2018-09-08
https://www.heartharena.com/arena-run/z600i2,2018-09-08
https://www.heartharena.com/arena-run/r97ob9,2018-09-09
https://www.heartharena.com/arena-run/4zu66i,2018-09-09
https://www.heartharena.com/arena-run/fx83bn,2018-09-09
https://www.heartharena.com/arena-run/q78e73,2018-09-09
https://www.heartharena.com/arena-run/ts0790,2018-09-10
https://www.heartharena.com/arena-run/93or67,2018-09-10
https://www.heartharena.com/arena-run/whq4wq,2018-09-11
https://www.heartharena.com/arena-run/o50555,2018-09-11
https://www.heartharena.com/arena-run/f039ht,2018-09-11
https://www.heartharena.com/arena-run/gye1zc,2018-09-12
https://www.heartharena.com/arena-run/dl7578,2018-09-12
https://www.heartharena.com/arena-run/48r0eg,2018-09-12
https://www.heartharena.com/arena-run/nf438f,2018-09-13
https://www.heartharena.com/arena-run/44lajq,2018-09-14
https://www.heartharena.com/arena-run/by0850,2018-09-15
https://www.heartharena.com/arena-run/38m44l,2018-09-15
https://www.heartharena.com/arena-run/ql0672,2018-09-16
https://www.heartharena.com/arena-run/4996m4,2018-09-16
https://www.heartharena.com/arena-run/5866wm,2018-09-16
https://www.heartharena.com/arena-run/j505xk,2018-09-17
https://www.heartharena.com/arena-run/fa5e72,2018-09-18
https://www.heartharena.com/arena-run/q9z65i,2018-09-18
https://www.heartharena.com/arena-run/1l1kop,2018-09-19
https://www.heartharena.com/arena-run/44u375,2018-09-19
https://www.heartharena.com/arena-run/pn588y,2018-09-20
https://www.heartharena.com/arena-run/l97t53,2018-09-20
https://www.heartharena.com/arena-run/ymj1d1,2018-09-21
https://www.heartharena.com/arena-run/jfw2y6,2018-09-22
https://www.heartharena.com/arena-run/yr0t36,2018-09-22
https://www.heartharena.com/arena-run/4mq12x,2018-09-22
https://www.heartharena.com/arena-run/6uc5e4,2018-09-23
https://www.heartharena.com/arena-run/6gcqmo,2018-09-23
https://www.heartharena.com/arena-run/3yt63q,2018-09-24
https://www.heartharena.com/arena-run/20493h,2018-09-24
https://www.heartharena.com/arena-run/8g2w2r,2018-09-24
https://www.heartharena.com/arena-run/h854wx,2018-09-25
https://www.heartharena.com/arena-run/v5kxl2,2018-09-25
https://www.heartharena.com/arena-run/p821o0,2018-09-26
https://www.heartharena.com/arena-run/qsd53x,2018-09-28
https://www.heartharena.com/arena-run/tqdb92,2018-09-29
https://www.heartharena.com/arena-run/99x85b,2018-09-29
https://www.heartharena.com/arena-run/i67y6z,2018-09-29
https://www.heartharena.com/arena-run/wdpjpn,2018-09-30
https://www.heartharena.com/arena-run/30eo96,2018-09-30
https://www.heartharena.com/arena-run/06v0b9,2018-10-01
https://www.heartharena.com/arena-run/gtv2at,2018-10-01
https://www.heartharena.com/arena-run/gkq392,2018-10-01
https://www.heartharena.com/arena-run/966cmf,2018-10-02
https://www.heartharena.com/arena-run/0nc658,2018-10-03
https://www.heartharena.com/arena-run/02f784,2018-10-03
https://www.heartharena.com/arena-run/ps81ym,2018-10-03
https://www.heartharena.com/arena-run/sl0r73,2018-10-04
https://www.heartharena.com/arena-run/480573,2018-10-04
https://www.heartharena.com/arena-run/5fppp4,2018-10-04
https://www.heartharena.com/arena-run/9jfw31,2018-10-05
https://www.heartharena.com/arena-run/403fwd,2018-10-07
https://www.heartharena.com/arena-run/6zv113,2018-10-07
https://www.heartharena.com/arena-run/x60nf0,2018-10-07
https://www.heartharena.com/arena-run/cwl14w,2018-10-08
https://www.heartharena.com/arena-run/dnjnw6,2018-10-08
https://www.heartharena.com/arena-run/i51gkz,2018-10-08
https://www.heartharena.com/arena-run/vx87p6,2018-10-09
https://www.heartharena.com/arena-run/o246i7,2018-10-09
https://www.heartharena.com/arena-run/qrnsv2,2018-10-10
https://www.heartharena.com/arena-run/qf1sf7,2018-10-10
https://www.heartharena.com/arena-run/5ed3ds,2018-10-10
https://www.heartharena.com/arena-run/353ch5,2018-10-10
https://www.heartharena.com/arena-run/ii428e,2018-10-11
https://www.heartharena.com/arena-run/v1sg55,2018-10-11
https://www.heartharena.com/arena-run/5tt82x,2018-10-12
https://www.heartharena.com/arena-run/yjj417,2018-10-12
https://www.heartharena.com/arena-run/0n5i7r,2018-10-12
https://www.heartharena.com/arena-run/ri9u31,2018-10-13
https://www.heartharena.com/arena-run/9b8ept,2018-10-13
https://www.heartharena.com/arena-run/tp761h,2018-10-13
https://www.heartharena.com/arena-run/635o8f,2018-10-14
https://www.heartharena.com/arena-run/667ijf,2018-10-14
https://www.heartharena.com/arena-run/yvxmvm,2018-10-14
https://www.heartharena.com/arena-run/1o1p84,2018-10-15
https://www.heartharena.com/arena-run/3g32wi,2018-10-15
https://www.heartharena.com/arena-run/h34t48,2018-10-16
https://www.heartharena.com/arena-run/1bx285,2018-10-16
https://www.heartharena.com/arena-run/1k0hb7,2018-10-17
https://www.heartharena.com/arena-run/y8h7zg,2018-10-17
https://www.heartharena.com/arena-run/t1646t,2018-10-18
https://www.heartharena.com/arena-run/16ds7x,2018-10-18
https://www.heartharena.com/arena-run/23t6pi,2018-10-18
https://www.heartharena.com/arena-run/w680xr,2018-10-19
https://www.heartharena.com/arena-run/a869ta,2018-10-19
https://www.heartharena.com/arena-run/0alsbk,2018-10-19
https://www.heartharena.com/arena-run/gwx7d3,2018-10-20
https://www.heartharena.com/arena-run/vilii0,2018-10-20
https://www.heartharena.com/arena-run/0m15s4,2018-10-20
https://www.heartharena.com/arena-run/679u8v,2018-10-21
https://www.heartharena.com/arena-run/8wwitq,2018-10-21
https://www.heartharena.com/arena-run/184vgt,2018-10-21
https://www.heartharena.com/arena-run/cll3r0,2018-10-24
https://www.heartharena.com/arena-run/4aywn7,2018-10-25
https://www.heartharena.com/arena-run/l88do1,2018-10-31
https://www.heartharena.com/arena-run/434epw,2018-10-31
https://www.heartharena.com/arena-run/9az4tg,2018-10-31
https://www.heartharena.com/arena-run/e9c06x,2018-10-31
https://www.heartharena.com/arena-run/ow3n96,2018-11-02
https://www.heartharena.com/arena-run/9y14bq,2018-11-03
https://www.heartharena.com/arena-run/09dx9p,2018-11-04
https://www.heartharena.com/arena-run/rlfkpx,2018-11-04
https://www.heartharena.com/arena-run/m0awym,2018-11-04
https://www.heartharena.com/arena-run/bs2430,2018-11-05
https://www.heartharena.com/arena-run/sg9gzr,2018-11-06
https://www.heartharena.com/arena-run/4p1c3h,2018-11-06
https://www.heartharena.com/arena-run/5quq1l,2018-11-07
https://www.heartharena.com/arena-run/0e119c,2018-11-07
https://www.heartharena.com/arena-run/6va173,2018-11-08
https://www.heartharena.com/arena-run/laxtk8,2018-11-09
https://www.heartharena.com/arena-run/3u967j,2018-11-09
https://www.heartharena.com/arena-run/6b0cj8,2018-11-10
https://www.heartharena.com/arena-run/x8o2y8,2018-11-10
https://www.heartharena.com/arena-run/62323o,2018-11-10
https://www.heartharena.com/arena-run/bf3y2c,2018-11-11
https://www.heartharena.com/arena-run/4090n9,2018-11-14
https://www.heartharena.com/arena-run/5u055p,2018-11-16
https://www.heartharena.com/arena-run/x37giu,2018-11-17
https://www.heartharena.com/arena-run/5u8900,2018-11-17
https://www.heartharena.com/arena-run/bi6koc,2018-11-20
https://www.heartharena.com/arena-run/8i5m86,2018-11-20
https://www.heartharena.com/arena-run/o4zp89,2018-11-22
https://www.heartharena.com/arena-run/0i97vv,2018-11-22
https://www.heartharena.com/arena-run/9u84s9,2018-11-23
https://www.heartharena.com/arena-run/65s8nh,2018-11-23
https://www.heartharena.com/arena-run/8vb0bd,2018-11-24
https://www.heartharena.com/arena-run/0g3nmw,2018-11-24
https://www.heartharena.com/arena-run/usfdsv,2018-11-24
https://www.heartharena.com/arena-run/rrr3g6,2018-11-24
https://www.heartharena.com/arena-run/dl5a86,2018-11-25
https://www.heartharena.com/arena-run/66se24,2018-11-25
https://www.heartharena.com/arena-run/x2ay86,2018-11-26
https://www.heartharena.com/arena-run/qz17xa,2018-11-26
https://www.heartharena.com/arena-run/z94tac,2018-11-26
https://www.heartharena.com/arena-run/616vvy,2018-11-26
https://www.heartharena.com/arena-run/xz76at,2018-11-27
https://www.heartharena.com/arena-run/06pmnw,2018-11-27
https://www.heartharena.com/arena-run/u8u054,2018-11-27
https://www.heartharena.com/arena-run/kbm305,2018-11-28
https://www.heartharena.com/arena-run/9mkh9w,2018-11-28
https://www.heartharena.com/arena-run/i40jw7,2018-11-29
https://www.heartharena.com/arena-run/241t10,2018-11-29
https://www.heartharena.com/arena-run/m8m35t,2018-11-29
https://www.heartharena.com/arena-run/tgqk7n,2018-11-30
https://www.heartharena.com/arena-run/78p056,2018-12-04
https://www.heartharena.com/arena-run/h3i5y1,2018-12-04
https://www.heartharena.com/arena-run/a8r5p8,2018-12-04
https://www.heartharena.com/arena-run/6tswhe,2018-12-12
https://www.heartharena.com/arena-run/450d05,2018-12-12
https://www.heartharena.com/arena-run/kwb3g0,2018-12-12
https://www.heartharena.com/arena-run/j1tq54,2018-12-13
https://www.heartharena.com/arena-run/49m9jn,2018-12-21
https://www.heartharena.com/arena-run/keq5q0,2018-12-21
https://www.heartharena.com/arena-run/p3gjn8,2018-12-22
https://www.heartharena.com/arena-run/08778g,2018-12-22
https://www.heartharena.com/arena-run/4p838z,2018-12-22
https://www.heartharena.com/arena-run/71a4vv,2018-12-22
https://www.heartharena.com/arena-run/c5j3zy,2018-12-23
https://www.heartharena.com/arena-run/ax83be,2018-12-23
https://www.heartharena.com/arena-run/59dsj6,2018-12-24
https://www.heartharena.com/arena-run/um4ts6,2018-12-24
https://www.heartharena.com/arena-run/0338tq,2018-12-24
https://www.heartharena.com/arena-run/jm5l31,2018-12-24
https://www.heartharena.com/arena-run/6qw3wz,2018-12-25
https://www.heartharena.com/arena-run/596s35,2018-12-25
https://www.heartharena.com/arena-run/2634d9,2018-12-25
https://www.heartharena.com/arena-run/t13799,2018-12-27
https://www.heartharena.com/arena-run/p0w9nw,2018-12-28
https://www.heartharena.com/arena-run/cl9224,2018-12-28
https://www.heartharena.com/arena-run/3ny078,2018-12-28
https://www.heartharena.com/arena-run/3h549w,2018-12-29
https://www.heartharena.com/arena-run/s8tn8h,2018-12-29
https://www.heartharena.com/arena-run/jxy6u7,2018-12-30
https://www.heartharena.com/arena-run/bnn925,2018-12-30
https://www.heartharena.com/arena-run/mthg23,2018-12-30
https://www.heartharena.com/arena-run/i7ib68,2018-12-31
https://www.heartharena.com/arena-run/44fs36,2018-12-31
https://www.heartharena.com/arena-run/ez4t2r,2019-01-02
https://www.heartharena.com/arena-run/xlbtkf,2019-01-02
https://www.heartharena.com/arena-run/gd88h6,2019-01-02
https://www.heartharena.com/arena-run/n0935x,2019-01-03
https://www.heartharena.com/arena-run/1j7b2e,2019-01-04
https://www.heartharena.com/arena-run/ca59y1,2019-01-04
https://www.heartharena.com/arena-run/21hlp9,2019-01-04
https://www.heartharena.com/arena-run/8934w4,2019-01-05
https://www.heartharena.com/arena-run/639s86,2019-01-05
https://www.heartharena.com/arena-run/3857ff,2019-01-05
https://www.heartharena.com/arena-run/5wbtd4,2019-01-06
https://www.heartharena.com/arena-run/ec8lnj,2019-01-07
https://www.heartharena.com/arena-run/3l5a54,2019-01-07
https://www.heartharena.com/arena-run/r9g20z,2019-01-09
https://www.heartharena.com/arena-run/mt150m,2019-01-09
https://www.heartharena.com/arena-run/uf8436,2019-01-10
https://www.heartharena.com/arena-run/w3ftso,2019-01-10
https://www.heartharena.com/arena-run/26e3ft,2019-01-11
https://www.heartharena.com/arena-run/01w047,2019-01-11
https://www.heartharena.com/arena-run/792e06,2019-01-11
https://www.heartharena.com/arena-run/5hoytp,2019-01-12
https://www.heartharena.com/arena-run/145n7w,2019-01-12
https://www.heartharena.com/arena-run/2k7s92,2019-01-14
https://www.heartharena.com/arena-run/84m8j0,2019-01-14
https://www.heartharena.com/arena-run/gfeg8r,2019-01-14
https://www.heartharena.com/arena-run/mx9z7u,2019-01-15
https://www.heartharena.com/arena-run/hw46ac,2019-01-15
https://www.heartharena.com/arena-run/y27446,2019-01-16
https://www.heartharena.com/arena-run/2h2dgy,2019-01-16
https://www.heartharena.com/arena-run/u65ogr,2019-01-16
https://www.heartharena.com/arena-run/431je3,2019-01-16
https://www.heartharena.com/arena-run/qg7368,2019-01-18
https://www.heartharena.com/arena-run/68vo13,2019-01-18
https://www.heartharena.com/arena-run/ie7714,2019-01-18
https://www.heartharena.com/arena-run/9qdfin,2019-01-19
https://www.heartharena.com/arena-run/dygj73,2019-01-19
https://www.heartharena.com/arena-run/t4145l,2019-01-19
https://www.heartharena.com/arena-run/69h9vm,2019-01-20
https://www.heartharena.com/arena-run/1d2ez4,2019-01-20
https://www.heartharena.com/arena-run/t50f97,2019-01-21
https://www.heartharena.com/arena-run/8771qg,2019-01-21
https://www.heartharena.com/arena-run/s3f553,2019-01-21
https://www.heartharena.com/arena-run/76d257,2019-01-22
https://www.heartharena.com/arena-run/44w26x,2019-01-22
https://www.heartharena.com/arena-run/6g4ox5,2019-01-23
https://www.heartharena.com/arena-run/w171f5,2019-01-24
https://www.heartharena.com/arena-run/ji55ei,2019-01-24
https://www.heartharena.com/arena-run/950d06,2019-01-25
https://www.heartharena.com/arena-run/b2r649,2019-01-25
https://www.heartharena.com/arena-run/nu1151,2019-01-25
https://www.heartharena.com/arena-run/67rb1t,2019-01-26
https://www.heartharena.com/arena-run/f6xf1e,2019-01-26
https://www.heartharena.com/arena-run/m81r02,2019-01-26
https://www.heartharena.com/arena-run/a56x8r,2019-01-27
https://www.heartharena.com/arena-run/wxd51y,2019-01-27
https://www.heartharena.com/arena-run/jh69o9,2019-01-27
https://www.heartharena.com/arena-run/k2i449,2019-01-28
https://www.heartharena.com/arena-run/frdrfc,2019-01-28
https://www.heartharena.com/arena-run/oc463z,2019-01-28
https://www.heartharena.com/arena-run/39a6le,2019-01-29
https://www.heartharena.com/arena-run/3k5b50,2019-01-29
https://www.heartharena.com/arena-run/621ucf,2019-01-29
https://www.heartharena.com/arena-run/02l511,2019-01-29
https://www.heartharena.com/arena-run/0y2ofw,2019-01-29
https://www.heartharena.com/arena-run/839izn,2019-01-29
https://www.heartharena.com/arena-run/23ny4d,2019-01-29
https://www.heartharena.com/arena-run/ly68gv,2019-01-30
https://www.heartharena.com/arena-run/w424e6,2019-01-30
https://www.heartharena.com/arena-run/ipeq22,2019-01-30
https://www.heartharena.com/arena-run/9hp1wr,2019-01-30
https://www.heartharena.com/arena-run/e7ur23,2019-01-31
https://www.heartharena.com/arena-run/7901mr,2019-01-31
https://www.heartharena.com/arena-run/8mnyhz,2019-02-01
https://www.heartharena.com/arena-run/518chk,2019-02-01
https://www.heartharena.com/arena-run/xnbm95,2019-02-02
https://www.heartharena.com/arena-run/ig0791,2019-02-02
https://www.heartharena.com/arena-run/167078,2019-02-02
https://www.heartharena.com/arena-run/nazg7r,2019-02-03
https://www.heartharena.com/arena-run/tk57v0,2019-02-03
https://www.heartharena.com/arena-run/66z87u,2019-02-03
https://www.heartharena.com/arena-run/r9e5r7,2019-02-03
https://www.heartharena.com/arena-run/3gd9z9,2019-02-05
https://www.heartharena.com/arena-run/b39jla,2019-02-05
https://www.heartharena.com/arena-run/nk1s98,2019-02-07
https://www.heartharena.com/arena-run/ueslb7,2019-02-07
https://www.heartharena.com/arena-run/4oc27i,2019-02-08
https://www.heartharena.com/arena-run/990mjg,2019-02-08
https://www.heartharena.com/arena-run/b779wg,2019-02-09
https://www.heartharena.com/arena-run/j3c630,2019-02-10
https://www.heartharena.com/arena-run/jcjlxd,2019-02-10
https://www.heartharena.com/arena-run/h3pvu3,2019-02-10
https://www.heartharena.com/arena-run/kvw74z,2019-02-11
https://www.heartharena.com/arena-run/hq3mwv,2019-02-11
https://www.heartharena.com/arena-run/vwr467,2019-02-12
https://www.heartharena.com/arena-run/070cr3,2019-02-12
https://www.heartharena.com/arena-run/63t7c6,2019-02-12
https://www.heartharena.com/arena-run/43a37x,2019-02-12
https://www.heartharena.com/arena-run/34n39j,2019-02-13
https://www.heartharena.com/arena-run/6ppn2h,2019-02-14
https://www.heartharena.com/arena-run/dimetm,2019-02-14
https://www.heartharena.com/arena-run/04769t,2019-02-15
https://www.heartharena.com/arena-run/4g308c,2019-02-15
https://www.heartharena.com/arena-run/36f0nu,2019-02-15
https://www.heartharena.com/arena-run/9pk7o0,2019-02-16
https://www.heartharena.com/arena-run/oq3d4p,2019-02-16
https://www.heartharena.com/arena-run/7e4q4r,2019-02-17
https://www.heartharena.com/arena-run/4i9592,2019-02-18
https://www.heartharena.com/arena-run/dtd559,2019-02-18
https://www.heartharena.com/arena-run/3t87l9,2019-02-18
https://www.heartharena.com/arena-run/as2kcj,2019-02-19
https://www.heartharena.com/arena-run/nx4l7w,2019-02-19
https://www.heartharena.com/arena-run/gapy5w,2019-02-20
https://www.heartharena.com/arena-run/t8tfjn,2019-02-20
https://www.heartharena.com/arena-run/w0926z,2019-02-21
https://www.heartharena.com/arena-run/y77sm3,2019-02-21
https://www.heartharena.com/arena-run/bzs522,2019-02-22
https://www.heartharena.com/arena-run/u6762l,2019-02-22
https://www.heartharena.com/arena-run/cpq70b,2019-02-23
https://www.heartharena.com/arena-run/6f19rx,2019-02-23
https://www.heartharena.com/arena-run/6953k2,2019-02-24
https://www.heartharena.com/arena-run/309l40,2019-02-24
https://www.heartharena.com/arena-run/876jbs,2019-02-26
https://www.heartharena.com/arena-run/u206tc,2019-02-26
https://www.heartharena.com/arena-run/7g57wl,2019-02-26
https://www.heartharena.com/arena-run/1v2xyg,2019-02-27
https://www.heartharena.com/arena-run/sbs877,2019-02-27
https://www.heartharena.com/arena-run/h6kava,2019-02-27
https://www.heartharena.com/arena-run/n506oa,2019-02-28
https://www.heartharena.com/arena-run/l7w1ly,2019-02-28
https://www.heartharena.com/arena-run/0uo8fh,2019-03-01
https://www.heartharena.com/arena-run/0608qu,2019-03-01
https://www.heartharena.com/arena-run/74000u,2019-03-01
https://www.heartharena.com/arena-run/tn0j5s,2019-03-02
https://www.heartharena.com/arena-run/49j2s5,2019-03-02
https://www.heartharena.com/arena-run/dh7ab3,2019-03-03
https://www.heartharena.com/arena-run/r2vm88,2019-03-03
https://www.heartharena.com/arena-run/13nm09,2019-03-03
https://www.heartharena.com/arena-run/7osuc2,2019-03-04
https://www.heartharena.com/arena-run/ce8ve9,2019-03-04
https://www.heartharena.com/arena-run/190543,2019-03-04
https://www.heartharena.com/arena-run/n859vk,2019-03-05
https://www.heartharena.com/arena-run/954em2,2019-03-05
https://www.heartharena.com/arena-run/2vc4m4,2019-03-05
https://www.heartharena.com/arena-run/cshh39,2019-03-06
https://www.heartharena.com/arena-run/k38t58,2019-03-06
https://www.heartharena.com/arena-run/e9cgjo,2019-03-06
https://www.heartharena.com/arena-run/n674m6,2019-03-07
https://www.heartharena.com/arena-run/f6bher,2019-03-08
https://www.heartharena.com/arena-run/obrd22,2019-03-08
https://www.heartharena.com/arena-run/00efk1,2019-03-08
https://www.heartharena.com/arena-run/2vqhvz,2019-03-12
https://www.heartharena.com/arena-run/kp5msy,2019-03-12
https://www.heartharena.com/arena-run/3c7m3j,2019-03-12
https://www.heartharena.com/arena-run/xyqo01,2019-03-13
https://www.heartharena.com/arena-run/zk1hb1,2019-03-14
https://www.heartharena.com/arena-run/t7ob09,2019-03-14
https://www.heartharena.com/arena-run/cudxgj,2019-03-15
https://www.heartharena.com/arena-run/sya93w,2019-03-15
https://www.heartharena.com/arena-run/03rg2a,2019-03-16
https://www.heartharena.com/arena-run/kaaa89,2019-03-17
https://www.heartharena.com/arena-run/fr45ia,2019-03-17
https://www.heartharena.com/arena-run/ck009b,2019-03-18
https://www.heartharena.com/arena-run/4dc7j8,2019-03-18
https://www.heartharena.com/arena-run/e9cgjo,2019-03-19
https://www.heartharena.com/arena-run/u0x1dm,2019-03-19
https://www.heartharena.com/arena-run/n674m6,2019-03-20
https://www.heartharena.com/arena-run/l6726t,2019-03-20
https://www.heartharena.com/arena-run/76y85v,2019-03-22
https://www.heartharena.com/arena-run/8074l8,2019-03-22
https://www.heartharena.com/arena-run/2fck2w,2019-03-22
https://www.heartharena.com/arena-run/r7398t,2019-03-23
https://www.heartharena.com/arena-run/e2pw2p,2019-03-23
https://www.heartharena.com/arena-run/t3q5q9,2019-03-23
https://www.heartharena.com/arena-run/05gf75,2019-03-23
https://www.heartharena.com/arena-run/1mpm02,2019-03-24
https://www.heartharena.com/arena-run/6v92um,2019-03-24
https://www.heartharena.com/arena-run/95ro85,2019-03-25
https://www.heartharena.com/arena-run/c32y7q,2019-03-28
https://www.heartharena.com/arena-run/u199yu,2019-03-28
https://www.heartharena.com/arena-run/68s2k6,2019-03-28
https://www.heartharena.com/arena-run/04xn90,2019-03-29
https://www.heartharena.com/arena-run/tq3d85,2019-03-29
https://www.heartharena.com/arena-run/h061g5,2019-03-29
https://www.heartharena.com/arena-run/wzt6s4,2019-03-30
https://www.heartharena.com/arena-run/yk51p5,2019-03-30
https://www.heartharena.com/arena-run/3bxm67,2019-03-31
https://www.heartharena.com/arena-run/vi7s58,2019-03-31
https://www.heartharena.com/arena-run/m7ok76,2019-03-31
https://www.heartharena.com/arena-run/c3szyu,2019-03-31
https://www.heartharena.com/arena-run/565l11,2019-04-01
https://www.heartharena.com/arena-run/rxhyyw,2019-04-01
https://www.heartharena.com/arena-run/c72v90,2019-04-01
https://www.heartharena.com/arena-run/da8kk7,2019-04-02
https://www.heartharena.com/arena-run/s3l1rg,2019-04-03
https://www.heartharena.com/arena-run/4n09x3,2019-04-07
https://www.heartharena.com/arena-run/5i4l8n,2019-04-09
https://www.heartharena.com/arena-run/x3g705,2019-04-09
https://www.heartharena.com/arena-run/z3q15e,2019-04-10
https://www.heartharena.com/arena-run/33ier6,2019-04-10
https://www.heartharena.com/arena-run/x19sjx,2019-04-16
https://www.heartharena.com/arena-run/l2d4w8,2019-04-16
https://www.heartharena.com/arena-run/w78n2f,2019-04-17
https://www.heartharena.com/arena-run/v77wvg,2019-04-17
https://www.heartharena.com/arena-run/1aihpr,2019-04-18
https://www.heartharena.com/arena-run/7a00ud,2019-04-19
https://www.heartharena.com/arena-run/2w5vmf,2019-04-19
https://www.heartharena.com/arena-run/3t8jes,2019-04-20
https://www.heartharena.com/arena-run/26h7a5,2019-04-20
https://www.heartharena.com/arena-run/654a92,2019-04-21
